paper_id,key,title,authors,year,venue,doi,url,canonical_pdf_path,sha256,pdf_status,pdf_availability,storage_status,license_reported,identity_status,relevance_class,relevance_reason,category,secondary_categories,research_problem,method,benchmark,hardware_platform,metrics,main_result,limitations,related_studies,overlap_status,gap_status,evidence_status,source_type,review_status,pdf_version,pdf_source_url,original_path,metadata_source,reproducibility,notes
RW0001,CRYPTONITE,CRYPTONITE: Scalable Accelerator Design for Cryptographic Primitives and Algorithms,"Maheswaran, Karthikeya Sharma; Bossut, Camille; Wanna, Andy; Zhang, Qirun; Hao, Cong",2025,IEEE ASAP,10.1109/ASAP65064.2025.00013,https://doi.org/10.1109/ASAP65064.2025.00013,related_work/papers/hls_dse/RW0001_Maheswaran2025_CRYPTONITE_ASAP_arxiv.pdf,50310049e0a1c79620053787c1d870bd3c6d8d1cc52c1225dec08810dd5d8764,DOWNLOADED_OPEN_ACCESS,PDF_AVAILABLE,local_only (gitignored),none (OpenAlex: closed),VERIFIED_CORRECTED,SUPPORTING,"Composes per-kernel Pareto designs (sum of resources, max latency): an instance of local composition relevant to joint-composition failure; no interaction measured.",hls_dse,concurrent_multikernel,"Straight-line (loop-free) C code of cryptographic primitives synthesizes via HLS into large, non-scalable hardware and offers no parameterizable constructs for HLS DSE; the paper seeks correct-by-construction restructuring that enables resource/latency trade-off exploration, including across multiple co-deployed primitives.","Two stages: (1) an e-graph (egg) loop synthesizer using equality saturation plus data-dependence analysis (SVF) and GiNaC-based pattern abstraction to re-roll straight-line code into loops/arrays with preserved equivalence; (2) a hardware implementation explorer that enumerates loop/pragma variants and uses an analytical QoR estimator (latency cycles and DSP) to prune to a Pareto front, with Pareto points fed back for further refinement.","Fiat Cryptography primitives (paper states 12 primitive types tested); reported: Curve25519, P521, P448, Secp256k1, P384 multiplication and square kernels.",Xilinx xczu9eg-ffvb1156-2-e (ZCU102-class Zynq UltraScale+) as synthesis target,"Latency (cycles), DSP/LUT/FF/BRAM utilization, Normalized Performance Index (NPI, weighted normalized latency+resource), speedup",LITERATURE_REPORTED: 'Cryptonite achieves scalable designs with up to 88.88% reduced resource usage and a 54.31% improvement in latency compared to naively synthesized designs'; single-kernel up to 2.75x speedup and 2.03x resource reduction; for a 3-kernel joint deployment DSP usage reduced ~62.21% and execution time by 27 cycles vs naive straight-line code.,Effectiveness depends on e-graph loop re-rolling; for Secp256k1 and P384 transformations increased latency due to loop-carried carry chains; QoR estimator only predicts latency and DSP analytically; no RTL/post-implementation comparison; ScaleHLS failed on several primitives.,S66 S65,RELEVANT BUT DIFFERENT,This paper does not report: interactions measured; decision or pareto stability; lifecycle or configuration cost. Not a novelty claim.,LITERATURE_REPORTED,CONFERENCE,REVIEWED_FULL_TEXT,arxiv,https://arxiv.org/pdf/2505.14657,,"arXiv PDF first page (2505.14657v1) + Crossref (ASAP 2025, pp. 17-24)",Code released: https://github.com/KarthikeyaSharma16/Cryptonite (per paper footnote),"IDENTITY: Full title ""CRYPTONITE: Scalable Accelerator Design for Cryptographic Primitives and Algorithms"". | Reviewed arXiv v1 (May 2025); published version is ASAP 2025 (Crossref DOI 10.1109/ASAP65064.2025.00013, pp. 17-24). Published text may differ from arXiv v1. Hint 'joint multi-primitive accelerator design' matches Sec. IV-B (DSE on multiple cryptographic kernels). No other paper named CRYPTONITE found at ASAP 2025."
RW0002,MVSym,MVSym: Efficient symbiotic exploitation of HLS-kernel multi-versioning for collaborative CPU-FPGA cloud systems,"Jordan, Michael Guilherme; Lignati, Bernardo Neuhaus; Korol, Guilherme; Rutzig, Mateus Beck; Beck, Antonio Carlos Schneider",2023,"Integration, the VLSI Journal",10.1016/j.vlsi.2023.102052,https://doi.org/10.1016/j.vlsi.2023.102052,,,METADATA_ONLY_PAYWALLED,LEGITIMATE_OPEN_COPY_NOT_FOUND,metadata_only,none (OpenAlex: closed),VERIFIED_CORRECTED,HOLD,"HLS-kernel multi-versioning for collaborative CPU-FPGA cloud systems; abstract-only review, full text not legitimately available.",concurrent_multikernel,hls_dse;energy_sustainability;lifecycle_dfx,Resource provisioning in multi-tenant collaborative CPU-FPGA cloud systems with variable resource availability and workloads; the paper exploits multiple HLS-generated versions of each kernel to enlarge the options available to allocation strategies.,"Two symbiotic stages: an HLS-Versioning Optimization Stage selecting a kernel version per request according to a weighted goal (performance/energy/area), followed by a Collaborative Allocation Optimization Stage mapping kernels to CPU or FPGA with a selected allocation strategy ('dynamic DSE').",NOT_REPORTED in accessible text ('broad set of applications'; >90 kernel versions),"Intel Core i7-4790k, AMD Threadripper 3990x, Xilinx Alveo U200 (from Methodology snippet)","Makespan, energy",LITERATURE_REPORTED: 'Our framework achieves up to 4.62x makespan and 19.04x energy improvements over traditional strategies executing non-optimized kernels' (abstract); intro states up to 5.62x makespan and 26.68x energy.,"From accessible text: requires explicit Cloud-provider input (goal weights, batch size); future work to detect goals automatically. Full limitations NOT_REPORTED (paywalled).",S84 S93,UNRESOLVED,NOT REVIEWED (full text unavailable); dimensions largely NOT_REPORTED,LITERATURE_REPORTED,JOURNAL,REVIEWED_ABSTRACT_ONLY,,,,"ScienceDirect abstract page (abstract, intro preview, section snippets) + Crossref",NOT_REPORTED,"IDENTITY: ""Sym"" = symbiotic (not symbolic); full title added. | Identity confirmed: MVSym = 'Multi-Versioning ... Symbiotic' (not 'symbolic'). Paywalled Elsevier; no author/repository copy found (author page gkorol.github.io links only to ScienceDirect). Reviewed from ScienceDirect abstract, intro preview and section snippets. Related prior work by same group: Lignati et al., 'Exploiting HLS-Generated Multi-Version Kernels to Improve CPU-FPGA Cloud Systems', ASP-DAC 2021. ScienceDirect labels article type 'Review article' though content is an original framework."
RW0003,MultiFPGAAlloc,Exact and Heuristic Allocation of Multi-kernel Applications to Multi-FPGA Platforms,"Shan, Junnan; Casu, Mario R.; Cortadella, Jordi; Lavagno, Luciano; Lazarescu, Mihai T.",2019,DAC,10.1145/3316781.3317821,https://doi.org/10.1145/3316781.3317821,related_work/papers/concurrent_multikernel/RW0003_Shan2019_MultiFPGAAlloc_DAC_accepted.pdf,07bce8536ccb0793cd0ebc2c39ec9e6a934150cdb35fa246acaf63231f6e522e,DOWNLOADED_OPEN_ACCESS,PDF_AVAILABLE,local_only (gitignored),other-oa for OA version (green; https://upcommons.upc.edu/bitstream/2117/166417/3/dac2019.pdf),VERIFIED,SUPPORTING,"Joint allocation of kernel compute units under shared resources/bandwidth; foundation for resource packing, not directive DSE.",concurrent_multikernel,physical,Choosing the number of compute units (CUs) per kernel and allocating them across multiple FPGAs to minimize the pipeline initiation interval of multi-kernel applications under per-FPGA resource and DRAM bandwidth constraints.,"MINLP formulation minimizing alpha*II + beta*spreading subject to resource/bandwidth constraints; fast heuristic: relax to Geometric Programming (GPkit) for total CUs per kernel, branch-and-bound discretization, then greedy criticality-ordered allocation that consolidates CUs of a kernel on few FPGAs.","AlexNet (16-bit fixed, 32-bit float), VGG16 (16-bit fixed) conv/pool/norm layers",AWS F1 (8x Xilinx UltraScale+ FPGAs); optimizer on Intel Core i7-2600,"Initiation interval, FPGA resource utilization (DSP/BRAM), spreading, optimizer CPU time",LITERATURE_REPORTED: GP+A obtains results comparable to the MINLP solver but is 2-3 orders of magnitude faster (0.78 s to 4.4 s vs ~1 min to several hours).,Only linear pipelines; all communication via off-chip DRAM (no on-chip/FPGA-to-FPGA links); power not considered; kernel execution time assumed to scale linearly with CUs and independent of placement; VGG kernels not fully optimized; FC layers not implemented; end-to-end on-board runs of the allocated designs are not the main reported result.,S95 S15,RELEVANT BUT DIFFERENT,This paper does not report: adaptive evidence acquisition; lifecycle or configuration cost. Not a novelty claim.,LITERATURE_REPORTED,CONFERENCE,REVIEWED_FULL_TEXT,accepted,https://upcommons.upc.edu/bitstreams/3c0caaa4-c9bf-414e-bd41-bb46034b5c74/download,,PDF first page (UPCommons copy) + Crossref,NOT_REPORTED,"PDF is the institutional (UPCommons) author copy; no ACM copyright block visible, assumed accepted version. Follow-up journal version: Shan et al., 'CNN-on-AWS: Efficient Allocation of Multikernel Applications on Multi-FPGA Platforms', IEEE TCAD 2020/2021."
RW0004,EnergyOptAlloc,Fast Energy-Optimal Multi-Kernel DNN-like Application Allocation on Multi-FPGA Platforms,"Shan, Junnan; Lazarescu, Mihai T.; Cortadella, Jordi; Lavagno, Luciano; Casu, Mario R.",2022,IEEE TCAD,10.1109/TCAD.2021.3076958,https://doi.org/10.1109/TCAD.2021.3076958,related_work/papers/concurrent_multikernel/RW0004_Shan2022_EnergyOptAlloc_TCAD_accepted.pdf,e52ff84e7a15b13b028efa3fa935bdadc265b0be0a3af80d57d8168509d9ebb8,DOWNLOADED_OPEN_ACCESS,PDF_AVAILABLE,local_only (gitignored),public-domain for OA version (green; https://upcommons.upc.edu/bitstream/2117/346425/3/TCAD_brief_clean.pdf),VERIFIED_CORRECTED,SUPPORTING,Energy-optimal joint multi-kernel allocation; foundation for packing and energy trade-offs.,concurrent_multikernel,energy_sustainability;lifecycle_dfx,"Finding minimum-power allocations of multi-kernel pipelined DNN-like applications on multi-FPGA platforms for a given throughput (II) constraint, fast enough to reprogram FPGAs at runtime as workloads change.","MINLP power model (static + dynamic, including DDR and PCIe transfer terms); heuristic H1 fixes F_min FPGAs and restricts each kernel to CU_min or CU_min+1 before MINLP; heuristic H2 exhaustively enumerates 2^K CU combinations with greedy allocation grouping kernels of similar execution time to lower frequency, picking minimum-power allocation.","AlexNet (ALEX-16, ALEX-32), VGG-16, Transformer (TRANSFORMER-16, 1 encoder/1 decoder, 4 heads)",AWS F1 (8x Xilinx UltraScale+); optimizer on Intel Core i7-6900K,"Minimum power vs II, number of FPGAs used, optimization time",LITERATURE_REPORTED: both heuristics obtain results comparable to MINLP when it finds the optimum and better results when MINLP cannot within bounded time; H2 is 'thousands of times faster than the exact algorithm' (run times ~5 s).,"Reconfiguration energy ignored (assumes infrequent reconfiguration, e.g., hourly); power estimated not measured; linear pipelines; all data via host (no FPGA-to-FPGA); H1 can miss best solution by ~12% on VGG-16; MINLP had to be stopped early (24-30 h) on large problems.",S95 S19,RELEVANT BUT DIFFERENT,This paper does not report: adaptive evidence acquisition; staged evaluation; decision or pareto stability. Not a novelty claim.,LITERATURE_REPORTED,JOURNAL,REVIEWED_FULL_TEXT,accepted,https://upcommons.upc.edu/bitstreams/b3350461-2a18-4055-95c8-b9c2249d7168/download,,"PDF first page (UPCommons accepted manuscript) + Crossref (vol. 41, no. 4, pp. 1186-1190, Apr. 2022)",NOT_REPORTED,"IDENTITY: Title on PDF ""Multi-Kernel DNN-like Application Allocation""; Crossref ""Multikernel DNN-Like"". | Published title uses 'Multikernel DNN-Like' (Crossref); PDF title is 'Multi-Kernel DNN-like'. Short (5-page) TCAD paper. Builds on Shan et al. TCAS-II 2020 ('Power-optimal mapping of CNN applications to cloud-based multi-FPGA platforms') and DAC 2019."
RW0005,DML,DML: Dynamic Partial Reconfiguration With Scalable Task Scheduling for Multi-Applications on FPGAs,"Dhar, Ashutosh; Richter, Edward; Yu, Mang; Zuo, Wei; Wang, Xiaohao; Kim, Nam Sung; Chen, Deming",2022,IEEE Transactions on Computers,10.1109/TC.2021.3137785,https://doi.org/10.1109/TC.2021.3137785,,,METADATA_ONLY_PAYWALLED,LEGITIMATE_OPEN_COPY_NOT_FOUND,metadata_only,none (OpenAlex: closed),VERIFIED,HOLD,DPR task scheduling for multi-application FPGAs; abstract-only review.,lifecycle_dfx,concurrent_multikernel,Scheduling heterogeneous tasks from one or multiple applications onto FPGA partially reconfigurable regions in a resource-efficient way while hiding dynamic partial reconfiguration (DPR) latency.,"Doing More with Less (DML): an ILP-based scheduler that maps tasks to reconfigurable regions over time, hiding DPR latency, with IP-level pipelining/parallelization within batches and strategies for co-running multiple applications.",NOT_REPORTED in abstract ('real world benchmarks'),"Zedboard (Zynq-7000), Xilinx ZCU106",Speedup (vs bulk-batching baseline); scalability of scheduler,LITERATURE_REPORTED: 'average speedup of 5X and up to 7.65X on a ZCU106 over a bulk-batching baseline via our scheduling strategies'.,NOT_REPORTED (abstract only); ILP scalability claimed but details not verified.,S85 S93,UNRESOLVED,NOT REVIEWED (full text unavailable); dimensions largely NOT_REPORTED,LITERATURE_REPORTED,JOURNAL,REVIEWED_ABSTRACT_ONLY,,,,"Crossref (vol. 71, no. 10, pp. 2577-2591) + Semantic Scholar abstract",NOT_REPORTED,"IEEE Xplore lists an author-accepted manuscript URL (ieeexplore.ieee.org/ielaam/12/9880482/9661327-aam.pdf) but it required login/returned 418/502; Semantic Scholar marks it CLOSED; recorded as paywalled. Earlier conference version: Dhar et al., 'Leveraging Dynamic Partial Reconfiguration with Scalable ILP Based Task Scheduling', VLSID 2020 (DOI 10.1109/VLSID49098.2020.00052)."
RW0006,CMMFO,Correlated Multi-objective Multi-fidelity Optimization for HLS Directives Design,"Sun, Qi; Chen, Tinghuan; Liu, Siting; Miao, Jin; Chen, Jianli; Yu, Hao; Yu, Bei",2021,DATE,10.23919/DATE51398.2021.9474241,https://doi.org/10.23919/DATE51398.2021.9474241,related_work/papers/core/RW0006_Sun2021_CMMFO_DATE_accepted.pdf,6de6884b3a23a7cd142e5a41ad52087e9ad96295d555b098f0320bd46068bb45,DOWNLOADED_OPEN_ACCESS,PDF_AVAILABLE,local_only (gitignored),none (OpenAlex: closed),VERIFIED_CORRECTED,CORE,Jointly selects HLS directive configuration and fidelity with a cost-penalized acquisition (full-text review); boundary of the evidence-selection question.,core,multifidelity;bo_mobo;hls_dse,"Finding Pareto-optimal HLS directive configurations for power, delay and LUT area when evaluations come from three flow stages (HLS, logic synthesis, implementation) with different accuracy and cost, and objectives are correlated.","GP-based Bayesian optimization with a non-linear multi-fidelity GP (low-fidelity outputs concatenated as inputs to higher-fidelity GP), correlated multi-output GP across objectives, and a cost-penalized EIPV acquisition (PEIPV) that jointly selects configuration and fidelity; tree-based design-space pruning.","MachSuite GEMM, SORT_RADIX, SPMV_ELLPACK, SPMV_CRS, STENCIL3D; iSmart2 (DNN object detection)",Xilinx Virtex-7 VC707,"Normalized ADRS, standard deviation of ADRS over 10 runs, normalized overall running time; objectives: power, delay (latency x clock period), LUT utilization","LITERATURE_REPORTED: average normalized ADRS 0.39 vs 0.51 (FPL18), 1.00 (ANN), 0.96 (BT), 1.05 (DAC19), with lowest ADRS std-dev (0.16) and lowest average normalized running time (0.54); 'can approximate the Pareto-frontier of the directive design space in a shorter time with much better performance and good stability'.","Only six benchmarks on one device and one tool version; small budgets (8 initial samples, 40 iterations); per-benchmark models (no transfer); GP scalability to larger spaces not studied; tree pruning heuristic tailored to unroll/partition compatibility; PDF text layer partially garbled in pages 3-4 (content read where legible).",S04 S05 S07 S21 S23,PRIOR ART,This paper does not report: local vs joint evaluation; lifecycle or configuration cost. Not a novelty claim.,LITERATURE_REPORTED,CONFERENCE,REVIEWED_FULL_TEXT,accepted,https://www.cse.cuhk.edu.hk/~byu/papers/C114-DATE2021-MultiFidelity.pdf,,PDF first page (author copy) + OpenAlex/IEEE Xplore (pp. 46-51),"NOT_REPORTED (no code/data link in paper; benchmarks public: MachSuite https://breagen.github.io/MachSuite/, iSmartDNN https://github.com/onioncc/iSmartDNN)","IDENTITY: DATE 2021 DOI used; TODAES 2022 extension (10.1145/3503540) with the same title is a different paper. | Hint title matches. DOI 10.1145/3503540 (ACM TODAES 2022, same title) is a journal extension by the same group; some indexes (e.g., Semantic Scholar) conflate it with the DATE paper. Downloaded PDF is the author copy from Bei Yu's CUHK page (camera-ready formatting, no DOI stamp); marked 'accepted'."
RW0007,IronManPro,IronMan-Pro: Multiobjective Design Space Exploration in HLS via Reinforcement Learning and Graph Neural Network-Based Modeling,"Wu, Nan; Xie, Yuan; Hao, Cong",2023,IEEE TCAD,10.1109/TCAD.2022.3185540,https://doi.org/10.1109/TCAD.2022.3185540,,,METADATA_ONLY_PAYWALLED,LEGITIMATE_OPEN_COPY_NOT_FOUND,metadata_only,none (OpenAlex: closed),VERIFIED_CORRECTED,HOLD,"Multi-objective HLS DSE (RL + GNN), listed as an S71 candidate; abstract-only review.",hls_dse,,"HLS abstractions hide optimization opportunities, actual RTL quality is hard to predict, and HLS tools do not provide Pareto trade-offs among objectives/constraints.","Three components: GPP (GNN-based performance/resource predictor on data-flow graphs), RLMD (RL-based multi-objective DSE engine), CT (code transformer extracting DFGs from HLS C/C++ and emitting synthesizable code with directives).",NOT_REPORTED (abstract only),NOT_REPORTED (abstract only),Prediction error for resource utilization and CP timing; resource utilization and CP timing of solutions; constraint-satisfaction rate; DSE speedup,"LITERATURE_REPORTED: GPP reduces HLS-tool prediction error by 10.9x (resource) and 5.7x (CP timing); vs meta-heuristics improves resource utilization by 16.0%-29.5% and CP timing by 7.6%-16.5%; under user constraints finds satisfying solutions in over 96% of cases, more than twice meta-heuristics, with speedup up to 400x.",Full text not reviewed; limitations cannot be assessed beyond abstract. Predictor-driven DSE depends on GNN accuracy/generalization.,S71 S72,UNRESOLVED,NOT REVIEWED (full text unavailable); dimensions largely NOT_REPORTED,LITERATURE_REPORTED,JOURNAL,REVIEWED_ABSTRACT_ONLY,,,,"IEEE Xplore/ACM DL abstract + OpenAlex (vol. 42, no. 3, pp. 900-913) + dblp key journals/tcad/WuXH23 + Sharc Lab publications page",Code: https://github.com/lydiawunan/IronMan (also linked as https://github.com/sharc-lab/IronMan),"IDENTITY: Published title: ""Multiobjective ... Graph Neural Network-Based Modeling"" (TCAD 2023, early access 2022). | Published title uses 'Multiobjective' and 'Network-Based Modeling' (hint title is the author-page wording). Early access June 2022; issue vol. 42 no. 3 (2023). No legitimate open-access PDF found (OpenAlex: closed; Sharc Lab page links only to IEEE Xplore). Predecessor: 'IronMan: GNN-assisted Design Space Exploration in High-Level Synthesis via Reinforcement Learning', GLSVLSI 2021 (arXiv:2102.08138) is a different, open-access paper and was NOT substituted."
RW0008,HLSFactory,HLSFactory: A Framework Empowering High-Level Synthesis Datasets for Machine Learning and Beyond,"Abi-Karam, Stefan; Sarkar, Rishov; Seigler, Allison; Lowe, Sean; Wei, Zhigang; Chen, Hanqiu; Rao, Nanditha; John, Lizy; Arora, Aman; Hao, Cong",2024,MLCAD,10.1145/3670474.3685961,https://doi.org/10.1145/3670474.3685961,related_work/papers/hls_dse/RW0008_AbiKaram2024_HLSFactory_MLCAD_arxiv.pdf,d4a8be4b378d2e8285bc1106d8d28db6bb1dd3f8d6fbde196ef8a202efa6da5e,DOWNLOADED_OPEN_ACCESS,PDF_AVAILABLE,local_only (gitignored),cc-by for OA version (gold; https://doi.org/10.1145/3670474.3685961),VERIFIED,SUPPORTING,HLS dataset/benchmark infrastructure with tool-version benchmarking; benchmark and provenance foundation.,hls_dse,,"Lack of large, standardized, multi-vendor, reproducible and extensible HLS datasets for ML-based QoR prediction and DSE.","Three-stage Python framework: (1) OptDSL frontend expands/samples designs (vendor-specific lowering for AMD/Xilinx and Intel), (2) parallel HLS synthesis and implementation tool flows with fine-grained multiprocessing, (3) DataAggregator extraction into JSON; demonstrated via seven case studies.","PolyBench, MachSuite, Rosetta, CHStone, Kastner et al. Parallel Programming for FPGAs, AMD/Xilinx Vitis HLS introductory examples, Sharc Lab accelerators (LightningSim collection, FlowGNN, SkyNet, Edge-MoE); HLSyn data integrated",NOT_REPORTED (target FPGA part not specified in paper; runs on 32-core CPU workstation),"HLS latency/resources, post-implementation resources/timing/power, tool runtime; ML model R2 and relative absolute error; parallel speedup; Wilcoxon signed-rank p-values across tool versions","LITERATURE_REPORTED: design space expansion from 29 base designs to 257 improves ML post-implementation QoR prediction (higher R2, lower error) and design-space coverage; fine-grained parallelism gives >20% speedup over naive parallelism; framework supports Intel flow (1340 designs), external data integration and tool-version regression testing.","Sampling is random/unguided (not DSE); no simulation-based metrics (vector-based power, simulated latency); dataset scale in case studies modest (hundreds of designs); target device details not reported.",S71 S90 S80,METHOD FOUNDATIONAL,This paper does not report: interactions measured; adaptive evidence acquisition; decision or pareto stability; lifecycle or configuration cost. Not a novelty claim.,LITERATURE_REPORTED,CONFERENCE,REVIEWED_FULL_TEXT,arxiv,https://arxiv.org/pdf/2405.00820,,arXiv v3 PDF first page (includes ACM reference format) + arXiv abs page,Code https://github.com/sharc-lab/HLSFactory (Zenodo 10.5281/zenodo.12989544); artifact eval https://github.com/sharc-lab/hlsfactory-artifact-eval (10.5281/zenodo.13117886); datasets Zenodo 10.5281/zenodo.13117901; ACM artifact badges,PDF is arXiv v3 (Dec 2024) which carries MLCAD'24 reference format; an author copy also exists at https://lca.ece.utexas.edu/pubs/HLSFactory_MLCAD_2024.pdf. Artifact checklist writes 'Vivado 2121.1' (typo for 2021.1).
RW0009,HierQoR,Hierarchical Source-to-Post-Route QoR Prediction in High-Level Synthesis with GNNs,"Gao, Mingzhe; Zhao, Jieru; Lin, Zhe; Guo, Minyi",2024,DATE,10.23919/DATE58400.2024.10546555,https://doi.org/10.23919/DATE58400.2024.10546555,related_work/papers/multifidelity/RW0009_Gao2024_HierQoR_DATE_arxiv.pdf,27f0e3e78596eb1cac6ec91f7c88c988d2f888090e264f7df2260c84d579c5fb,LOCAL_EXISTING,PDF_AVAILABLE,local_only (gitignored),none (OpenAlex: closed),VERIFIED,SUPPORTING,Source-to-post-route QoR prediction: cross-fidelity model for oracle/fidelity-ladder Studies.,multifidelity,hls_dse;physical,"Obtaining post-route QoR requires a full C-to-bitstream flow per pragma change; prior predictors estimate post-HLS metrics or require running HLS, and handle pragmas/loop hierarchies poorly.","LLVM/ProGraML CDFG extended with pragma effects (replicated nodes for unrolling, memory-port nodes for partitioning, loop-level IL/II/TC features); hierarchical GNNs: separate local GNNs for pipelined and non-pipelined inner loops, whose predictions annotate super nodes for a global GNN predicting application QoR.","16 applications from PolyBench, MachSuite, CHStone (12 train/test; unseen bicg, symm, mvt, syrk for DSE)",AMD UltraScale+ MPSoC ZCU102,"MAPE for latency, iteration latency, LUT, FF, DSP; ADRS; DSE runtime","LITERATURE_REPORTED: prediction error below 10% for latency and all resource types (e.g., latency 8.54%, DSP 6.94%, FF 9.99%, LUT 9.65% at application level); DSE ADRS of 6.91% on unseen apps vs 13.94% (Wu et al.) and 10.96% (GNN-DSE), with DSE time reduced from tens of days to tens of minutes.",Latency labels come from HLS reports (not measured); two-level hierarchy abstraction; small design spaces (<=2796 points) and single device; timing/Fmax not predicted.,S04 S21 S89,METHOD FOUNDATIONAL,This paper does not report: local vs joint evaluation; adaptive evidence acquisition; lifecycle or configuration cost. Not a novelty claim.,LITERATURE_REPORTED,CONFERENCE,REVIEWED_FULL_TEXT,arxiv,,/home/benyamin/Desktop/Library/Hierarchical Source-to-Post-Route QoR Prediction.pdf,PDF first page (arXiv:2401.08696v1) + IEEE Xplore landing page (doc 10546555) for venue/DOI,Code and models: https://github.com/sjtu-zhao-lab/hierarchical-gnn-for-hls,Local filename truncated (full title ends 'in High-Level Synthesis with GNNs'). DOI confirmed from IEEE Xplore page.
RW0010,CollectiveHLS,CollectiveHLS: A Collaborative Approach to High-Level Synthesis Design Optimization,"Ferikoglou, Aggelos; Kakolyris, Andreas; Masouros, Dimosthenis; Soudris, Dimitrios; Xydis, Sotirios",2024,ACM TRETS,10.1145/3702005,https://doi.org/10.1145/3702005,related_work/papers/hls_dse/RW0010_Ferikoglou2024_CollectiveHLS_TRETS.pdf,91a853ae675cd3dce59b1d22663d808f3453a8a6f99f9296f68913ec98e963a5,DOWNLOADED_OPEN_ACCESS,PDF_AVAILABLE,local_only (gitignored),cc-by for OA version (hybrid; https://doi.org/10.1145/3702005),VERIFIED,SUPPORTING,HLS DSE method listed as an S71 external-baseline candidate.,hls_dse,,"Rapidly proposing latency-optimized, synthesizable HLS directive configurations for unseen applications without per-application QoR models or long meta-heuristic searches.","Offline: LLVM-based source feature extraction and NSGA-II (pop 40, 24 generations) synthesis-based exploration of ~56 applications to build a knowledge base; hierarchical clustering of applications by code features and per-cluster Pareto-optimal directive distributions; online: assign directives to a new app from its cluster histograms with a probability threshold, re-proposing directives if the design is non-synthesizable/infeasible.","~56-60 applications from Rodinia (RodiniaHLS), MachSuite and GitHub HLS repositories; case study on an MLP generator kernel; subset vs ScaleHLS",Xilinx Zynq UltraScale+ MPSoC ZCU104 (300 MHz target),Geometric-mean latency speedup vs no-directive Vitis baseline; synthesizability and feasibility rates; inference/optimization time; normalized resource efficiency,"LITERATURE_REPORTED: average geometric-mean speedup up to 23.1x over source without directives, 100% synthesizability and 96.6% feasibility, and designs of comparable quality 14.6x faster on average than genetic-algorithm DSE and SotA approaches.",Latency-focused (resources as feasibility constraints); HLS-report-level evaluation only; global cluster-level directive assignment lacks fine-tuning (lower synthesizability without re-proposal); knowledge base requires expensive offline NSGA-II characterization; slightly lower quality than application-specific model-based DSE (11% lower speedup).,S71 S72,PRIOR ART,This paper does not report: local vs joint evaluation; adaptive evidence acquisition; lifecycle or configuration cost. Not a novelty claim.,LITERATURE_REPORTED,JOURNAL,REVIEWED_FULL_TEXT,published,https://web.archive.org/web/20250218071710id_/https://dl.acm.org/doi/pdf/10.1145/3702005,,"Published PDF first page (ACM TRETS 18(1), Article 11, Dec 2024) + Semantic Scholar/dblp",Code: https://github.com/aferikoglou/CollectiveHLS (found via web; paper itself does not print the link). Open access CC BY 4.0.,"ACM DL blocks scripted download (HTTP 403) although the article is CC-BY open access; the identical publisher PDF was retrieved via the Internet Archive Wayback Machine snapshot of the ACM PDF URL (title/DOI verified on page 1). Earlier short version: 'CollectiveHLS: Ultrafast Knowledge-Based HLS Design Optimization', IEEE Embedded Systems Letters vol. 16, 2024, DOI 10.1109/LES.2023.3330610."
RW0011,StreamHLS,Stream-HLS: Towards Automatic Dataflow Acceleration,"Basalama, Suhail; Cong, Jason",2025,FPGA,10.1145/3706628.3708878,https://doi.org/10.1145/3706628.3708878,related_work/papers/core/RW0011_Basalama2025_StreamHLS_FPGA.pdf,83570565411d5f63c5e08bb883c9eacde9d3cb0402f3381bf23a8d1d700f888b,LOCAL_EXISTING,PDF_AVAILABLE,local_only (gitignored),cc-by-nc-sa for OA version (gold; https://doi.org/10.1145/3706628.3708878),VERIFIED_CORRECTED,CORE,All kernels of a multi-kernel dataflow application scheduled jointly under a global budget; named in LITERATURE_STATUS_2026_09 as the neighbouring area our joint-evidence question must be distinguished from.,core,concurrent_multikernel;hls_dse,"HLS automation frameworks mostly insert pragmas without loop scheduling, target single kernels, lack global DSE, and miss graph-level pipelining (streaming) for multi-kernel applications.","MLIR-based framework: dataflow canonicalization and shared-buffer-to-FIFO conversion, an analytical performance model for dataflow designs with FIFO/shared-buffer communication, and MINLP (AMPL + Gurobi) global scheduling that jointly optimizes graph/node-level pipelining and node-level parallelization (Opt5); generates HLS and host code.","7 PolyBench kernels (e.g., 3mm, atax, bicg, gesummv), transformer multi-head self-attention and FFN, residual block, depthwise separable conv block, two MLPs, synthetic 7mm balanced/imbalanced","AMD Alveo U280 (target; DSP limits 220, 2560 = ~1 SLR, 9024)","RTL-simulated cycle counts, speedup, DSE runtime, DSP utilization",LITERATURE_REPORTED: Stream-HLS designs outperform prior automation frameworks and manually optimized abstraction-framework designs by up to 79.43x and 10.62x geometric means; combined MINLP (Opt5) achieves 27.67x-1300.42x speedups (geo-mean 314.89x) over the FIFO-only baseline; DSE runtime 176.41x faster than HIDA.,Assumes inputs/outputs in fast partitioned on-chip memory (no DDR/HBM bandwidth modeling); Vitis may not achieve predicted II under node-level parallelization; FIFOs sized to write counts; no stencil support; no place-and-route evaluation.,S15 S65 S36,PARTIAL OVERLAP,This paper does not report: adaptive evidence acquisition; decision or pareto stability; lifecycle or configuration cost. Not a novelty claim.,LITERATURE_REPORTED,CONFERENCE,REVIEWED_FULL_TEXT,published,,/home/benyamin/Desktop/Library/Stream-HLS: Towards Automatic Dataflow Acceleration.pdf,"PDF first page (ACM reference format, FPGA '25)",Code: https://github.com/UCLA-VAST/Stream-HLS ; artifact DOI 10.5281/zenodo.14585909,"IDENTITY: Original venue ""2025""; actual venue FPGA 2025. |"
RW0012,MTBO,Multi-Task Bayesian Optimization,"Swersky, Kevin; Snoek, Jasper; Adams, Ryan P.",2013,NeurIPS (NIPS 2013),,https://papers.nips.cc/paper/2013/hash/f33ba15effa5c10e873bf3842afb46a6-Abstract.html,related_work/papers/multifidelity/RW0012_Swersky2013_MTBO_NeurIPS.pdf,294123432b98a2fa5dc3eed6a2e3a6f5c3df03473f0f5350aa046640cb0acb57,DOWNLOADED_OPEN_ACCESS,PDF_AVAILABLE,local_only (gitignored),UNKNOWN (no DOI or lookup failed),VERIFIED,SUPPORTING,Multi-task BO: methodological foundation for sharing evidence across benchmarks/tasks and cost-aware auxiliary tasks.,multifidelity,bo_mobo,"Whether knowledge from previous or related hyperparameter optimizations can be transferred to new tasks to make Bayesian optimization faster (the cold-start problem), and how to exploit cheap related tasks.","Multi-task GP (intrinsic coregionalization, Kt kron Kx, slice-sampled) inside BO; (i) warm-start from completed related-task runs with EI, (ii) average-over-tasks objective choosing (x, task) by a two-step EI heuristic (fast k-fold CV), (iii) cost-sensitive multi-task entropy search maximizing information gain about the primary task's minimum per unit (GP-modeled log) cost.",Shifted Branin-Hoo; logistic regression on MNIST (USPS as related task); CNN on SVHN (from CIFAR-10 / SVHN subset); CNN on k-means features for STL-10 (from CIFAR-10); PMF on MovieLens-100k (5-fold CV); online LDA on 200k-document corpus (50k-document subset as auxiliary),NOT_APPLICABLE,Best (min) validation error / perplexity / RMSE vs function evaluations and vs time; average cumulative error (ACE); time to reach given error,"LITERATURE_REPORTED: multi-task BO 'significantly speeds up the optimization process when compared to the standard single-task approach'; e.g., MTBO reaches the LR minimum in ~40 min vs 100 min for STBO, and finds the online-LDA minimum in ~6 days vs 10 days (saving almost 4 days) by dynamically querying the cheaper task.",GP cost cubic in total observations across tasks; assumes positive task correlation (Cholesky elements sampled in log space); entropy-search acquisition evaluated over a fixed candidate set (top-C EI points); average-objective method uses a heuristic (impute then EI) rather than a principled criterion; single objective only.,S07 S10 S11,METHOD FOUNDATIONAL,This paper does not report: decision or pareto stability. Not a novelty claim.,LITERATURE_REPORTED,CONFERENCE,REVIEWED_FULL_TEXT,published,https://papers.nips.cc/paper_files/paper/2013/file/f33ba15effa5c10e873bf3842afb46a6-Paper.pdf,,PDF first page + NeurIPS proceedings page,No code URL given in paper; experimental details deferred to supplementary material; uses public datasets.,Identity unambiguous. NeurIPS 2013 has no DOI; proceedings URL used.
RW0013,CMOBOOCE,Constrained Multi-objective Bayesian Optimization through Optimistic Constraints Estimation,"Li, Diantong; Zhang, Fengxue; Liu, Chong; Chen, Yuxin",2025,AISTATS 2025 (PMLR 258),,https://proceedings.mlr.press/v258/li25a.html,related_work/papers/bo_mobo/RW0013_Li2025_CMOBOOCE_AISTATS.pdf,ea366cbae1c5ec14fc7a9b6a991e710c42898914cd5cd52e0fefe20f61f340f0,DOWNLOADED_OPEN_ACCESS,PDF_AVAILABLE,local_only (gitignored),UNKNOWN (no DOI or lookup failed),VERIFIED_CORRECTED,SUPPORTING,Constrained multi-objective BO with feasibility estimation: foundation for feasibility-aware acquisition.,bo_mobo,,"Sample-efficient multi-objective BO when both objectives and constraints are unknown black-box functions, with theoretical guarantees that existing heuristic/approximate constrained MOBO methods lack.","COMBOO: restricts the search to the optimistic feasible region where all constraint UCBs exceed thresholds, and within it maximizes a random hypervolume scalarization of objective UCBs; can declare infeasibility; regret bounds on a constrained hypervolume + violation metric.","Toy function (d=2,m=2,c=2); Branin-Currin (d=2,m=2,c=2); C2-DTLZ2 (d=4,m=2,c=1); Penicillin (d=7,m=3,c=3); Disc Brake Design (d=4,m=2,c=3); Caco-2++ (drug discovery, TDC); ESOL+",NOT_APPLICABLE,"Simple/cumulative hypervolume regret, cumulative constraint violation, combined constraint regret C_t, observed best hypervolume","LITERATURE_REPORTED: first constrained MOBO with guarantees similar to constrained single-objective algorithms (sample efficiency and infeasibility declaration); empirically COMBOO 'displayed a consistently strong performance, often aligning with the top-performing methods' and is comparable to all baselines in constraint regret on real-world problems.",Theory relies on discretized domain (claimed not fundamental); sequential q=1 comparison; qNEHVI converges faster on small-scale test functions; small problem dimensions for continuous cases.,S14 S72,METHOD FOUNDATIONAL,This paper does not report: staged evaluation; decision or pareto stability. Not a novelty claim.,LITERATURE_REPORTED,CONFERENCE,REVIEWED_FULL_TEXT,published,https://raw.githubusercontent.com/mlresearch/v258/main/assets/li25a/li25a.pdf,,PDF first page (PMLR camera-ready) + PMLR landing page; arXiv:2411.03641,Code: https://github.com/dancewithDianTong/COMBOO (linked from PMLR page); OpenReview: https://openreview.net/forum?id=BErNKnkpDn,IDENTITY: Algorithm is named COMBOO inside the paper; registered under paper title. | Algorithm acronym is COMBOO (paper also says CMOBO for the problem class). PMLR has no DOI. arXiv version 2411.03641 also exists.
RW0014,CoopBO,Bayesian optimization of cooperative components for multi-stage aero-structural compressor blade design,"Pretsch, Lisa; Arsenyev, Ilya; Bartoli, Nathalie; Duddeck, Fabian",2025,Structural and Multidisciplinary Optimization 68:84,10.1007/s00158-025-03998-w,https://doi.org/10.1007/s00158-025-03998-w,related_work/papers/bo_mobo/RW0014_Pretsch2025_CoopBO_SMO.pdf,62192a8fbea6c95933f66a86f95218e0b7535ccc9f483fa434417046e48d8a84,DOWNLOADED_OPEN_ACCESS,PDF_AVAILABLE,local_only (gitignored),cc-by for OA version (hybrid; https://link.springer.com/content/pdf/10.1007/s00158-025-03998-w.pdf),VERIFIED_CORRECTED,SUPPORTING,Cooperative-components BO: decomposes optimization into component subproblems while evaluating the coupled system; methodological analogue of local-optimize/joint-evaluate. Different domain (compressor blades).,bo_mobo,concurrent_multikernel,"Standard BO fails on very high-dimensional, highly constrained multi-component engineering design (multi-stage compressor blades) because of the curse of dimensionality.","Cooperative components BO (CC-BO): decompose optimization (not analysis) into lower-dimensional component subproblems using Boolean variable-to-component and variable-to-response structure matrices, solved sequentially with context vectors (CoEGO-inspired), constrained EI with probability of feasibility, batch infill; a high-fidelity system evaluation only after all subproblems are solved. Informed (structure-based) and random-decomposition variants.",100D multi-component Branin function; 223D 4-stage aero-structural HPC blade design (industrial MTU case),NOT_APPLICABLE,"Best feasible objective vs iterations (Branin); isentropic efficiency improvement, constraint fulfillment, simulation success rate, wall time",LITERATURE_REPORTED: informed and random CC-BO 'significantly enhance the originally poorly performing BO and largely outperform the compared algorithms'; on the blade design BO gains only marginally while informed CC-BO gains ~0.5% and random CC-BO ~0.84% average isentropic efficiency.,Single objective; blade case industrial and confidential (not reproducible); only 5 runs on blade case due to cost; high DoE failure rate (22% successful samples); informed decomposition requires known structure; wall time increases with component count.,S15 S65,METHOD FOUNDATIONAL,This paper does not report: adaptive evidence acquisition; staged evaluation; decision or pareto stability. Not a novelty claim.,LITERATURE_REPORTED,JOURNAL,REVIEWED_FULL_TEXT,published,https://link.springer.com/content/pdf/10.1007/s00158-025-03998-w.pdf,,PDF first page + Crossref,CC GP model fit open-sourced in SMT v2.7.0 (https://github.com/SMTorg/smt); Branin problem reproducible from equations; blade problem confidential (MTU). Data availability: not applicable.,"IDENTITY: Original entry ""Cooperative Components Bayesian Optimization"" named a METHOD (CC-BO), not a paper. Registered paper: Pretsch et al., ""Bayesian optimization of cooperative components for multi-stage aero-structural compressor blade design"", Struct. Multidisc. Optim. 68:84 (2025). | Hint title 'Cooperative Components Bayesian Optimization' is the method name (CC-BO); the actual paper title is 'Bayesian optimization of cooperative components for multi-stage aero-structural compressor blade design', SMO 2025 (CC BY). Not related to 'Cooperative Bayesian Optimization for Imperfect Agents' (arXiv 2403.04442). HAL copy also exists: hal-05641733. PDF fetched with a non-browser user agent (curl/8.5) and Accept: application/pdf because the Springer browser-UA request returned a bot-check page."
RW0015,VOISetBased,A value of information methodology for multiobjective decisions in quantitative set-based design,"Shallcross, Nicholas J.; Parnell, Gregory S.; Pohl, Ed; Goerger, Simon R.",2021,Systems Engineering (Wiley/INCOSE) 24(6):409-424,10.1002/sys.21593,https://doi.org/10.1002/sys.21593,,,METADATA_ONLY_PAYWALLED,LEGITIMATE_OPEN_COPY_NOT_FOUND,metadata_only,none (OpenAlex: closed),VERIFIED_CORRECTED,HOLD,Value-of-information methodology for multi-objective set-based design; abstract-only review.,bo_mobo,multifidelity;lifecycle_dfx,Lack of quantitative methodologies to inform design-maturation and convergence decisions in set-based design (SBD) for complex systems under multiobjective uncertainty.,"Value-of-information methodology using Bayesian decision models: a framework integrating VOI into SBD, a multiobjective VOI method assessing a higher-resolution model's ability to reduce uncertainty, and comparison of multiple high-resolution models given usage cost and potential information value.",NOT_REPORTED,NOT_APPLICABLE,Value of information (multiobjective); others NOT_REPORTED,"LITERATURE_REPORTED (abstract): presents a VOI-based methodology for multiobjective decisions applicable to SBD, and demonstrates 'the inherent issues associated with premature decisions and traditional point-based design approaches which run the risk of selecting an alternative that later proves infeasible.'",NOT_REPORTED (abstract only).,S33 S03,UNRESOLVED,NOT REVIEWED (full text unavailable); dimensions largely NOT_REPORTED,LITERATURE_REPORTED,JOURNAL,REVIEWED_ABSTRACT_ONLY,,,,Crossref + Semantic Scholar/OpenAlex abstract,NOT_REPORTED,"IDENTITY: Venue resolved to Systems Engineering 24(6), 2021 (Shallcross et al.); companion paper sys.21595 is different. | Verified venue: Systems Engineering 24(6), 2021 (published online 2021-07-22). Unpaywall/OpenAlex list no OA copy. The same authors published a companion paper in the same issue: 'Using value of information in quantitative set-based design', Systems Engineering 24(6):439-455, DOI 10.1002/sys.21595; do not confuse the two. Related content likely in Shallcross's University of Arkansas dissertation 'Quantitative Set-Based Design for Complex System Development' (scholarworks.uark.edu), which was not used as the source."
RW0016,VOISystemDesign,On the value of information in system design: A framework for understanding and aiding designers,"Rouse, William B.",1986,Information Processing & Management 22(3):217-228,10.1016/0306-4573(86)90054-3,https://doi.org/10.1016/0306-4573(86)90054-3,,,METADATA_ONLY_PAYWALLED,LEGITIMATE_OPEN_COPY_NOT_FOUND,metadata_only,none (OpenAlex: closed),VERIFIED_CORRECTED,HOLD,"Early VOI framework for aiding designers (human information seeking per abstract); abstract-only review, relevance to quantitative stage-wise VOI unconfirmed.",bo_mobo,,How to understand designers' information requirements and design computer-based decision support/information-seeking aids for system design.,"Conceptual framework: defines the value of information by three attributes (reduction of uncertainty, task relevance, appropriateness of form) and combines them with characterizations of design stages/tasks and approaches to derive information requirements and information-seeking behavior; discusses aiding types (facts, fantasies, feedback, adaptive aiding and training).",NOT_APPLICABLE,NOT_APPLICABLE,NOT_REPORTED,"LITERATURE_REPORTED (abstract): value of information is defined as having three attributes - reduction of uncertainty, task relevance and appropriateness of form - which, with characterizations of design stages/tasks, determine information requirements; facts, fantasies and feedback plus adaptive aiding and training are 'espoused as the key elements of flexible systems for computer-aided design and computer-aided engineering.'",Conceptual; no quantitative method or validation evident from abstract.,S33,UNRESOLVED,NOT REVIEWED (full text unavailable); dimensions largely NOT_REPORTED,LITERATURE_REPORTED,JOURNAL,REVIEWED_ABSTRACT_ONLY,,,,Crossref + ScienceDirect abstract page,NOT_APPLICABLE,"IDENTITY: Original venue ""1986"" only; actual: W. B. Rouse, Information Processing & Management 22(3), 1986; full subtitle added. Not IEEE SMC. | Hint guessed IEEE Trans. SMC; verified actual venue is Information Processing & Management (Pergamon/Elsevier) 22(3):217-228, 1986, single author William B. Rouse (Georgia Tech, Center for Man-Machine Systems Research). Full title includes subtitle 'A framework for understanding and aiding designers'. Closed access (Unpaywall/OpenAlex); ScienceDirect blocked direct fetch, abstract obtained via scrape."
RW0017,AutoDSE,AutoDSE: Enabling Software Programmers to Design Efficient FPGA Accelerators,"Sohrabizadeh, Atefeh; Yu, Cody Hao; Gao, Min; Cong, Jason",2022,ACM TODAES,10.1145/3494534,https://doi.org/10.1145/3494534,related_work/papers/hls_dse/RW0017_Sohrabizadeh2022_AutoDSE_TODAES.pdf,6e32d9176c76c0554e40ad28e4b1f2b52ffb875eeb5e48d236429ec8f9866f4f,LOCAL_EXISTING,PDF_AVAILABLE,local_only (gitignored),no license stated for OA version (bronze; https://dl.acm.org/doi/pdf/10.1145/3494534),VERIFIED,SUPPORTING,Widely used HLS DSE baseline (bottleneck-guided).,hls_dse,,Software programmers cannot easily obtain high-QoR FPGA accelerators from HLS C because pragma tuning is laborious and learning/analytical models of HLS tools are inaccurate and version-dependent.,"Bottleneck-guided coordinate optimizer: uses Merlin/HLS cycle breakdown to identify critical hierarchy paths and bottleneck type (memory vs compute), orders parameters by impact, tunes them one at a time; design space partitioned (K-Means over representative partitions) and explored in parallel threads to escape local optima.","MachSuite and Rodinia kernels (11 kernels, plus an AlexNet conv layer); 33 vision kernels from Xilinx Vitis Libraries",AWS EC2 r4.4xlarge (DSE host); AWS F1 f1.2xlarge with Xilinx Virtex UltraScale+ VU9P,"Speedup over single-thread Xeon CPU core, speedup vs manual designs and vs other DSE tools, DSE runtime, number of pragmas","LITERATURE_REPORTED: 19.9x geometric-mean speedup over one CPU core on MachSuite/Rodinia (0.93x of manual designs, ~1.1 h DSE); outperforms S2FA, lattice-traversing DSE and GP-BO by 3.45x, 4.23x, 17.92x (geo-mean); matches Vitis vision kernels with 26.38x fewer optimization pragmas in ~0.3 h.","Relies on HLS/Merlin cycle breakdown (inaccurate for unbounded/while loops); QoR from synthesis, not P&R; restricted to Merlin pragmas (no DATAFLOW/STREAM, cannot set II); single-objective (performance under resource constraints).",S71 S72,PRIOR ART,This paper does not report: local vs joint evaluation; staged evaluation; decision or pareto stability; lifecycle or configuration cost. Not a novelty claim.,LITERATURE_REPORTED,JOURNAL,REVIEWED_FULL_TEXT,published,,/home/benyamin/Desktop/AutoDSE/docs/paper/AutoDSE_FPGA_Accelerators.pdf,"PDF first page (ACM reference format: ACM Trans. Des. Autom. Electron. Syst. 27(4), Article 32, Feb 2022); arXiv 2009.14381 existence confirmed via web search",Code: https://github.com/UCLA-VAST/AutoDSE ; Merlin Compiler: https://github.com/Xilinx/merlin-compiler,"This is the 27-page ACM TODAES journal version. A different 11-page version exists at /home/benyamin/Desktop/Sustainable_Design_Explorer/Papers/AutoDSE_Enabling_Software_Programmers_Design_Efficient_FPGA_Accelerators_2020.pdf (sha256 25d253c6d11454bf4d8abc276cf4c2b68d643463e5160c9774eea4086ab461fd): 'AutoDSE: Enabling Software Programmers Design Efficient FPGA Accelerators', 'Conference'20, Sep 2020' ACM template, describes a 'bottleneck-guided gradient optimizer' and Xilinx SDx; it matches the arXiv preprint 2009.14381 (Sep 2020) era and is treated as the preprint of the same work (no separate record). Exact identity of that file to arXiv v1 not byte-verified."
RW0018,Chimera,Chimera: A Hybrid Machine Learning Driven Multi-Objective Design Space Exploration Tool for FPGA High-Level Synthesis,"Yu, Mang; Huang, Sitao; Chen, Deming",2022,arXiv (extended version of IDEAL 2021 paper),10.48550/arXiv.2207.07917,https://arxiv.org/abs/2207.07917,related_work/papers/hls_dse/RW0018_Yu2022_Chimera_arXiv.pdf,9be54035dfb9985b3f7d2b6199d0fe4fd7be8dfacad1efdb8d0511b3473c3eb6,DOWNLOADED_OPEN_ACCESS,PDF_AVAILABLE,local_only (gitignored),no license stated for OA version (green; https://arxiv.org/pdf/2207.07917),VERIFIED_CORRECTED,SUPPORTING,"Active-learning HLS DSE that selects which designs to synthesize, single fidelity, per benchmark.",hls_dse,,"Applying HLS optimization directives to reach expert-level designs requires expertise and many slow HLS runs; DSE must be sample-efficient, multi-objective and escape local optima.","Active-learning loop with random-forest latency/resource models plus timeout/error prediction; three point-proposal engines (random, evolutionary, mutational) selected by Thompson sampling; probabilistic 'soft-boundary' selection of points to synthesize.","Rosetta: 3D Rendering, BNN, Digit Recognition, Face Detection, Optical Flow, Spam Filtering",NOT_REPORTED (target FPGA part not stated; DSE run on AMD 3900X workstation),"Latency (us), weighted resource usage, Pareto frontier, DSE time","LITERATURE_REPORTED: in less than 24 hours, explored design points with the same or superior performance compared to expert hand-tuned Rosetta designs; Pareto elbow point can save up to 26% flip-flops with negligibly higher latency (3D rendering).",Only HLS-estimated QoR; single tool/version; manual pruning of knobs; fixed 170-point budget; results vary run to run; no comparison against other published DSE tools; resources scalarized with fixed weights.,S05 S72,PARTIAL OVERLAP,This paper does not report: local vs joint evaluation; staged evaluation; lifecycle or configuration cost. Not a novelty claim.,LITERATURE_REPORTED,PREPRINT,REVIEWED_FULL_TEXT,arxiv,https://arxiv.org/pdf/2207.07917,,arXiv PDF first page + arXiv abs page; conference version metadata from Springer LNCS listing,NOT_REPORTED (paper states source code will be released; no URL given),"IDENTITY: Name shared by unrelated works (HPCA 2023 operator fusion, SC 2021 pipeline training); HLS DSE tool by Yu, Huang, Chen selected. | Name ambiguity. Selected: Yu, Huang, Chen (UIUC) HLS DSE tool. Conference version: 'Chimera: A Hybrid Machine Learning-Driven Multi-Objective Design Space Exploration Tool for FPGA High-Level Synthesis', IDEAL 2021, LNCS 13113, DOI 10.1007/978-3-030-91608-4_52 (Best Paper); downloaded PDF is the extended arXiv version. Related UIUC thesis: 'Chimera: An efficient design space exploration tool for FPGA high-level synthesis' (IDEALS, https://www.ideals.illinois.edu/items/118601). Unrelated same-name works: Chimera operator-fusion compiler (HPCA 2023), Chimera bidirectional pipelines for training large-scale neural networks (SC 2021)."
RW0019,GNNDSE,Automated Accelerator Optimization Aided by Graph Neural Networks,"Sohrabizadeh, Atefeh; Bai, Yunsheng; Sun, Yizhou; Cong, Jason",2022,DAC,10.1145/3489517.3530409,https://doi.org/10.1145/3489517.3530409,related_work/papers/hls_dse/RW0019_Sohrabizadeh2022_GNNDSE_DAC.pdf,d6410662a86ce13ab538782b5200f8ff253155fe6de0ef38446bee632a5cb9c5,LOCAL_EXISTING,PDF_AVAILABLE,local_only (gitignored),cc-by for OA version (gold; https://dl.acm.org/doi/pdf/10.1145/3489517.3530409),VERIFIED,SUPPORTING,GNN surrogate-driven HLS DSE; surrogate baseline and multi-benchmark model.,hls_dse,,"HLS tool evaluation of each pragma configuration takes minutes to hours, and prior learned models are per-application or ignore program semantics, so they cannot transfer across kernels.","ProGraML-based graph (control/data/call flow) extended with pragma nodes; GNN encoder (TransformerConv + Jumping Knowledge + node attention) with MLP heads for validity classification and latency/resource regression; used as HLS surrogate in a heuristic (BFS-ordered) DSE, with database augmentation from top designs over rounds.","MachSuite and PolyBench kernels; unseen kernels bicg, doitgen, gesummv, 2mm",Xilinx Virtex UltraScale+ VCU1525,"RMSE of latency/DSP/BRAM/LUT/FF, classification accuracy/F1, DSE runtime speedup, design speedup","LITERATURE_REPORTED: on unseen kernels GNN-DSE reaches designs within -2%/+5% (mean +1%) of AutoDSE run for up to 21 h, while accelerating the optimization process by up to 79x (average 48x).",Dataset construction is the main bottleneck; exhaustive search only feasible for small spaces (heuristic for mvt/2mm); relies on Merlin; predicts HLS-report QoR only.,S71 S89 S10,PRIOR ART,This paper does not report: local vs joint evaluation; decision or pareto stability; lifecycle or configuration cost. Not a novelty claim.,LITERATURE_REPORTED,CONFERENCE,REVIEWED_FULL_TEXT,published,,/home/benyamin/Desktop/Library/Automated Accelerator Optimization Aided by Graph Neural.pdf,PDF first page (ACM reference format),Code: https://github.com/UCLA-VAST/GNN-DSE,Local filename is truncated ('...Graph Neural'); full title ends with 'Networks'.
RW0020,AutoHLS,AutoHLS: Learning to Accelerate Design Space Exploration for HLS Designs,"Ahmed, Md Rubel; Koike-Akino, Toshiaki; Parsons, Kieran; Wang, Ye",2023,IEEE MWSCAS,10.1109/MWSCAS57524.2023.10405914,https://doi.org/10.1109/MWSCAS57524.2023.10405914,related_work/papers/hls_dse/RW0020_Ahmed2023_AutoHLS_MWSCAS_arxiv.pdf,252730fe15bf87d2c7484c5de2770457802a089beae4a4089da1d5a624245a57,DOWNLOADED_OPEN_ACCESS,PDF_AVAILABLE,local_only (gitignored),none (OpenAlex: closed),VERIFIED,SUPPORTING,HLS DSE with learned pruning; listed as an S71 external-baseline candidate.,hls_dse,bo_mobo,BO-based multi-objective HLS DSE wastes time synthesizing candidates that fail within resource/synthesis-time budgets.,Optuna TPE multi-objective Bayesian optimization with a DNN (or 5-qubit variational QNN) decision maker that predicts synthesis failure/resource usage and filters BO samples before running HLS.,"CNN convolution block (Cin=100, L=7, Cout=106) with MAC/PoT/APoT variants; 3302 BO-generated design points",Xilinx ZCU104 (target); Intel i7-8700K host,"Failure prediction ROC-AUC, MSE of resource prediction, exploration time speedup, Pareto front (LUT vs processing time), FF/LUT/DSP/latency",LITERATURE_REPORTED: 'Our experimental results demonstrate up to a 70-fold speedup in exploration time' (Table III: ~14x-74x depending on threshold).,"Single CNN kernel case study; generality to unseen designs not evaluated (stated); QNN is proof-of-concept (simulated); HLS-level results only; although power is listed as an objective in the intro, no power results are reported.",S71 S88,PRIOR ART,This paper does not report: local vs joint evaluation; interactions measured; lifecycle or configuration cost. Not a novelty claim.,LITERATURE_REPORTED,CONFERENCE,REVIEWED_FULL_TEXT,arxiv,https://arxiv.org/pdf/2403.10686,,arXiv abs page (comment 'MWSCAS 2023') + PDF + OpenAlex (DOI),NOT_REPORTED (no code link in paper); MERL tech report TR2023-097 also available,Identity matches hint. arXiv posted Mar 2024; published at MWSCAS 2023 (IEEE Xplore document 10405914). MERL TR2023-097 is another legitimate copy.
RW0021,HARP,Robust GNN-based Representation Learning for HLS,"Sohrabizadeh, Atefeh; Bai, Yunsheng; Sun, Yizhou; Cong, Jason",2023,ICCAD,10.1109/ICCAD57390.2023.10323853,https://doi.org/10.1109/ICCAD57390.2023.10323853,related_work/papers/hls_dse/RW0021_Sohrabizadeh2023_HARP_ICCAD.pdf,7471b30ba41a696e8817d61990ed495e57faf7d0160a28cf48e2a082abc8ccf6,LOCAL_EXISTING,PDF_AVAILABLE,local_only (gitignored),none (OpenAlex: closed),VERIFIED,SUPPORTING,GNN representation for HLS QoR prediction used for DSE; surrogate foundation for constraint-vs-QoR prediction.,hls_dse,,"GNN surrogates of HLS tools struggle with long-range program dependencies and tightly coupled program/pragma representations, limiting accuracy, DSE quality and transfer to new HLS tool versions.","HARP: hierarchical graph adding pseudo nodes for high-level (C/LLVM block) structure on top of GNN-DSE's ProGraML-based graph; decoupled program (P) and transformation (T) representations with a neural pragma transformer (parallel per-pragma MLPs plus merge) followed by a GNN layer; classification + regression; BFS-style DSE (1 h/kernel, ~100k points) and HLS verification of top-10.","40 MachSuite and PolyBench kernels (AutoDSE-generated database; v1: SDx 2018.3, v2: Vitis 2020.2; 35 and 27 kernels in DSE)",Xilinx Alveo U200 @250 MHz (synthesis target),"RMSE, MAE, Kendall's tau of perf ranking, classification accuracy, DSE speedup vs AutoDSE best design","LITERATURE_REPORTED: in DSE HARP achieves an average 2.54x performance improvement over AutoDSE with a 25x smaller time limit, and after transfer learning outperforms GNN-DSE by 1.31x on average (1.33x geo-mean).",Tied to Merlin pragma space; latency/resource labels from HLS estimates; BFS exploration heuristic; transfer requires fine-tuning data from the new tool version.,S89 S10,METHOD FOUNDATIONAL,This paper does not report: local vs joint evaluation; adaptive evidence acquisition; decision or pareto stability. Not a novelty claim.,LITERATURE_REPORTED,CONFERENCE,REVIEWED_FULL_TEXT,published,,/home/benyamin/Desktop/Library/Robust GNN-based Representation Learning for HLS.pdf,"PDF first page (IEEE Xplore header with DOI, ICCAD 2023)",Materials: https://github.com/UCLA-VAST/HARP,Paper introduces HARP; key chosen as 'HARP'.
RW0022,HGBODSE,HGBO-DSE: Hierarchical GNN and Bayesian Optimization based HLS Design Space Exploration,"Kuang, Huizhen; Cao, Xianfeng; Li, Jingyuan; Wang, Lingli",2023,ICFPT,10.1109/ICFPT59805.2023.00017,https://doi.org/10.1109/ICFPT59805.2023.00017,,,METADATA_ONLY_PAYWALLED,LEGITIMATE_OPEN_COPY_NOT_FOUND,metadata_only,none (OpenAlex: closed),VERIFIED,HOLD,Hierarchical GNN + BO HLS DSE; abstract-only review.,hls_dse,bo_mobo,Finding Pareto-optimal HLS designs in a vast directive configuration space with accurate post-implementation PPA estimation.,"HGP hierarchical GNN predictor with hierarchical pooling estimating post-implementation power, critical-path delay and resource use; TDM tree-structured design-space modeler; BOME multi-objective BO engine with MOTPE-FL algorithm.",NOT_REPORTED (abstract states a standard dataset was constructed),NOT_REPORTED (abstract only),"Prediction error of power, critical path delay, resource utilization; Pareto front quality (PPA gain); DSE speedup","LITERATURE_REPORTED: HGP reduces prediction error of power, critical path delay and resource utilization to 4.21%-7.72%; BOME with MOTPE-FL achieves better Pareto fronts than SA and NSGA-II with PPA gains of 72.00% and 30.47%; BOME with HGP accelerates DSE by up to 24x (average 14x).",Full text not reviewed; limitations cannot be assessed beyond abstract.,S72 S05,UNRESOLVED,NOT REVIEWED (full text unavailable); dimensions largely NOT_REPORTED,LITERATURE_REPORTED,CONFERENCE,REVIEWED_ABSTRACT_ONLY,,,,IEEE Xplore abstract (document 10416120) + OpenAlex (pp. 106-114) + FPT'23 program,NOT_REPORTED (abstract mentions a constructed standard dataset; no URL found),"Identity confirmed: FPT 2023 (Yokohama), Fudan University authors. No open-access PDF found (OpenAlex closed; only ResearchGate listing, not used). Intelligent4DSE (arXiv:2504.19649) reuses the HGBO-DSE dataset."
RW0023,HLSyn,Towards a Comprehensive Benchmark for High-Level Synthesis Targeted to FPGAs,"Bai, Yunsheng; Sohrabizadeh, Atefeh; Qin, Zongyue; Hu, Ziniu; Sun, Yizhou; Cong, Jason",2023,NeurIPS (Datasets and Benchmarks Track),,https://proceedings.neurips.cc/paper_files/paper/2023/hash/8dfc3a2720a4112243a285b98e0d4415-Abstract-Datasets_and_Benchmarks.html,related_work/papers/hls_dse/RW0023_Bai2023_HLSyn_NeurIPS.pdf,9797c1e70e9ea803d5d0868d53f76ffc675d2ab7e484f2ca7a9f373528bcef92,LOCAL_EXISTING,PDF_AVAILABLE,local_only (gitignored),UNKNOWN (no DOI or lookup failed),VERIFIED_CORRECTED,SUPPORTING,"HLS benchmark/dataset (42 programs, 42k+ labelled designs); listed as an S71 candidate.",hls_dse,other,Open datasets for training HLS design-quality predictors are limited in program complexity and available optimizations.,"HLSyn dataset: 42 MachSuite/PolyBench kernels with over 42,000 labeled designs from two tool versions (SDx 'v1' and Vitis 'v2'); benchmark of code/graph encoders (code2vec, CodeT5 variants, GraphCodeBERT, GNN-DSE variants, concatenations) with transductive, zero-shot inductive and few-shot adapted testing on 6 held-out kernels.","42 kernels from MachSuite and PolyBench (linear algebra, data mining, stencils, encryption, dynamic programming)",AMD/Xilinx Alveo U200 @250 MHz (synthesis target),RMSE for PERF/DSP/BRAM/LUT/FF; classification accuracy,"LITERATURE_REPORTED: releases 42 kernels with over 42,000 labeled designs; no baseline consistently wins, pre-training helps code transformers, more GNN layers do not necessarily help, and generalization to unseen kernels is difficult without adaptation.",Labels are HLS estimates; DSE stage not included in benchmark (future work); limited kernel count and single device; Merlin-specific pragma space.,S71 S90 S02,METHOD FOUNDATIONAL,This paper does not report: interactions measured. Not a novelty claim.,LITERATURE_REPORTED,CONFERENCE,REVIEWED_FULL_TEXT,published,https://papers.neurips.cc/paper_files/paper/2023/file/8dfc3a2720a4112243a285b98e0d4415-Paper-Datasets_and_Benchmarks.pdf,/home/benyamin/Desktop/Library/Towards a Comprehensive Benchmark for High-Level Synthesis Targeted to FPGAs.pdf,PDF first page (NeurIPS 2023 Datasets and Benchmarks footer) + NeurIPS proceedings page via web search,Dataset/code: https://github.com/UCLA-DM/HLSyn ; OpenReview: https://openreview.net/forum?id=HvcLKgtbco,"IDENTITY: Hint name ""HLSyn"" is the dataset; paper title ""Towards a Comprehensive Benchmark for High-Level Synthesis Targeted to FPGAs"" (NeurIPS 2023 D&B). | Dataset name is HLSyn; key chosen as 'HLSyn'. NeurIPS D&B papers have no DOI (ACM DL mirror id 10.5555/3666122.3668084 exists but is not a registered DOI). Other papers (HARP, LIFT) indicate v1 = SDx 2018.3 and v2 = Vitis 2020.2. | Duplicate acquisition: the same PDF (identical sha256) was also downloaded from https://papers.neurips.cc/paper_files/paper/2023/file/8dfc3a2720a4112243a285b98e0d4415-Paper-Datasets_and_Benchmarks.pdf; one canonical copy kept."
RW0026,TaskTransfer,Efficient Task Transfer for HLS DSE,"Ding, Zijian; Sohrabizadeh, Atefeh; Li, Weikai; Qin, Zongyue; Sun, Yizhou; Cong, Jason",2024,ICCAD,10.1145/3676536.3676723,https://doi.org/10.1145/3676536.3676723,related_work/papers/hls_dse/RW0026_Ding2024_TaskTransfer_ICCAD.pdf,16ccd89b86d0cd8a0fedb27137e364ba13964e3fc45d2c0c8a55a93771c8284b,LOCAL_EXISTING,PDF_AVAILABLE,local_only (gitignored),cc-by for OA version (gold; https://dl.acm.org/doi/pdf/10.1145/3676536.3676723),VERIFIED,SUPPORTING,Transfers DSE knowledge across HLS programs/toolchains with active labelling: evidence reuse across tasks.,hls_dse,bo_mobo,"HLS toolchain version changes shift QoR labels and design validity, so proxy models and best designs found for one toolchain do not carry over; re-running DSE on a new toolchain is sample-expensive.","Active-CEM: cross-entropy-method importance sampling over factorized per-pragma distributions, with an inner active-learning loop that selects designs for HLS labeling via K-Means coreset on GNN (HARP) embeddings and fine-tunes the model; plus a toolchain-invariant model with shared and private (per-toolchain) embeddings trained jointly on multi-version data.","HLSyn: 13 programs for V20->V21 (dense linear algebra, data analytics, stencils), 5 large-space programs for V21->V23; domain-transfer splits with 8 test programs",Xilinx Alveo U200 (fixed target),"Design speedup (latency) vs baselines, sample efficiency (#HLS evaluations, #valid), runtime, regression RMSE","LITERATURE_REPORTED: abstract: 2.38x average performance improvement over AutoDSE and 1.2x over HARP with 5.75x sample efficiency and 2.7x lower runtime when transferring to V21 (Sec. 5 text reports 2.34x vs AutoDSE and 1.18x vs best of AutoDSE/HARP); for V23, 1.27x better than best of AutoDSE and HARP with 8.85x sample efficiency.","Evaluation fixed to one device; TILE pruning heuristic applies to only 3/13 programs; results on HLS estimates only; variance across kernels in domain transfer (e.g., covariance).",S10 S11 S87,PARTIAL OVERLAP,This paper does not report: local vs joint evaluation. Not a novelty claim.,LITERATURE_REPORTED,CONFERENCE,REVIEWED_FULL_TEXT,published,,/home/benyamin/Desktop/Library/Efficient Task Transfer for HLS DSE.pdf,"PDF first page (ACM reference format, ICCAD '24)",NOT_REPORTED (no code URL in paper; uses public HLSyn dataset),Minor inconsistency between abstract (2.38x/1.2x) and results text (2.34x/1.18x).
RW0030,NLPDSE,Automatic Hardware Pragma Insertion in High-Level Synthesis: A Non-Linear Programming Approach,"Pouget, Stéphane; Pouchet, Louis-Noël; Cong, Jason",2025,ACM TODAES,10.1145/3711847,https://doi.org/10.1145/3711847,related_work/papers/hls_dse/RW0030_Pouget2025_NLPDSE_TODAES.pdf,34b85a725f66942c067fc4aec706193321ea3de05fa4a35e4f76700a195c895d,LOCAL_EXISTING,PDF_AVAILABLE,local_only (gitignored),no license stated for OA version (green; https://arxiv.org/pdf/2405.12304),VERIFIED,SUPPORTING,Non-linear-programming pragma insertion; listed (NLP-DSE) as an S71 candidate.,hls_dse,,Pragma DSE for HLS is either very time-consuming (hundreds of HLS runs) or operates on restricted spaces because the QoR landscape of pragma configurations is irregular.,"Analytical latency/resource model parameterized by pragmas, proven to be a latency lower bound under stated hypotheses, encoded as a Non-Linear Program (AMPL + BARON); a lightweight NLP-driven DSE iterates over max array partitioning and parallelism type, synthesizing only designs whose lower bound beats the best HLS latency found (bound-based pruning).",PolyBench/C 4.2.1 (medium and large; 47 kernel/size cases) plus a CNN layer; HARP comparison on small/medium double-precision PolyBench,AMD/Xilinx Alveo U200 @250 MHz (target of synthesis),"Throughput (GFLOP/s), DSE time, number of designs explored/timeouts, NLP solve time, lower-bound tightness vs HLS latency","LITERATURE_REPORTED: vs AutoDSE, DSE time is 5.69x faster on average (3.70x geo-mean) and throughput 17.24x higher on average (2.38x geo-mean), with 46/47 cases matching (+/-2%) or beating AutoDSE; vs HARP throughput 1.45x average (1.21x geo-mean); vs ScaleHLS 11.63x average (2.89x geo-mean) including memory transfers.",Restricted to affine programs; lower bound relies on pragmas being applied as intended (about half of designs had at least one pragma not applied) and on optimistic memory-transfer modeling; excludes double-buffering pragma and code transformations; NLP can time out (12 kernels had a 30-min timeout).,S71 S72,PRIOR ART,This paper does not report: local vs joint evaluation; decision or pareto stability; lifecycle or configuration cost. Not a novelty claim.,LITERATURE_REPORTED,JOURNAL,REVIEWED_FULL_TEXT,published,,/home/benyamin/Desktop/Library/Automatic Hardware Pragma Insertion in High-Level Synthesis: A Non-Linear Programming Approach.pdf,"PDF first page (ACM reference: ACM Trans. Des. Autom. Electron. Syst. 30(2), Article 26, Feb 2025)",NOT_REPORTED (no code URL in the paper),Local filename matches title exactly; 44-page journal version.
RW0031,Prometheus,Holistic Optimization Framework for FPGA Accelerators,"Pouget, Stéphane; Lo, Michael; Pouchet, Louis-Noël; Cong, Jason",2025,ACM TODAES,10.1145/3769307,https://doi.org/10.1145/3769307,related_work/papers/core/RW0031_Pouget2025_Prometheus_TODAES.pdf,2027336b4b0aa722526ee1226a6205285e7522b1cf8a8f6670a0ee0814f3903b,LOCAL_EXISTING,PDF_AVAILABLE,local_only (gitignored),cc-by for OA version (hybrid; https://dl.acm.org/doi/pdf/10.1145/3769307),VERIFIED,CORE,All tasks of a program optimized jointly in one NLP with global/per-SLR resources; joint-vs-local boundary.,core,hls_dse;concurrent_multikernel;physical,"Existing HLS optimization frameworks treat loop transformation, pragma insertion, task concurrency, computation-communication overlap and SLR placement separately, producing incoherent designs and often failing bitstream generation on multi-SLR FPGAs.","Prometheus: affine analysis builds a task dataflow graph (fusing statements sharing outputs); a Non-Linear Program (AMPL + Gurobi 11 nonconvex) with multi-level latency model and global/per-SLR resource constraints selects the configuration; generates HLS C++ per SLR plus OpenCL host code; on bitstream failure, NLP constraints are tightened for the congested task/SLR and the design regenerated (manual trigger).","PolyBench/C 4.2.1 medium single-precision kernels (e.g., 2mm, 3mm, atax, bicg, mvt, gemm, syrk, trmm) plus n-madd matrix-addition chains",AMD Alveo U55C,"Throughput (GF/s), execution time, resource utilization (DSP/BRAM/LUT/FF), achieved frequency, NLP solve time","LITERATURE_REPORTED: on board, Prometheus achieves a 77.16x performance improvement over AutoDSE and 2.59x over Sisyphus (with higher resource use, e.g., 2.38x/3.88x more DSPs); 3mm NLP solves in 21.37 s where Sisyphus timed out after 4 h.",Limited to affine programs; congestion-driven regeneration performed manually; RTL simulation vs on-board gap; baselines needed manual modification (off-chip transfers) and some comparisons limited by availability (Allo artifacts).,S15 S65 S66,PARTIAL OVERLAP,This paper does not report: decision or pareto stability; lifecycle or configuration cost. Not a novelty claim.,LITERATURE_REPORTED,JOURNAL,REVIEWED_FULL_TEXT,published,,/home/benyamin/Desktop/Library/Holistic Optimization Framework for FPGA Accelerators.pdf,"PDF first page (ACM reference: ACM Trans. Des. Autom. Electron. Syst. 31(1), Article 7, Nov 2025)",Code: https://github.com/UCLA-VAST/Prometheus,Framework is named Prometheus; key chosen as 'Prometheus'.
RW0032,Sisyphus,A Unified Framework for Automated Code Transformation and Pragma Insertion,"Pouget, Stéphane; Pouchet, Louis-Noël; Cong, Jason",2025,FPGA,10.1145/3706628.3708873,https://doi.org/10.1145/3706628.3708873,related_work/papers/hls_dse/RW0032_Pouget2025_Sisyphus_FPGA_arxiv.pdf,ff9f6545572f50e730d2ffe9ce4efb9c0fcfacb6f90d399ce440827b5c165847,LOCAL_EXISTING,PDF_AVAILABLE,local_only (gitignored),cc-by for OA version (gold; https://doi.org/10.1145/3706628.3708873),VERIFIED,SUPPORTING,Unified code transformation + pragma insertion; listed (Sisyphus) as an S71 candidate; relevant to search-space boundary.,hls_dse,,"Code transformations (loop distribution, permutation, tiling), tile-size selection for on-chip caching, and HLS pragma insertion are usually handled separately, which fragments and restricts the explored design space and yields suboptimal QoR.","Builds a legal-by-construction three-level loop template (PoCC/ISCC polyhedral analysis) and formulates an analytical latency/resource model as a Nonlinear Program solved with Gurobi/AMPL; generates C++ with Vitis pragmas plus post-optimizations (grouped data transfers, reduction rewriting).","PolyBench/C 4.2.1 (medium size, 13+ kernels), a CNN layer, BERT-like matrix multiplications (bert_n_m)",AMD/Xilinx Alveo U200 @250 MHz,"Throughput (GF/s), speedup, resource utilization (BRAM/DSP/LUT/FF), NLP solve time, latency prediction error","LITERATURE_REPORTED: with tree reduction Sisyphus reports geometric-mean speedups of 9.17x, 3.47x and 16.15x over AutoDSE, NLP-DSE and ScaleHLS; without tree reduction geo-mean 18.50x (AutoDSE) and 4.49x (NLP-DSE); model latency error 8% average (3% geo-mean); NLP solve time 455 s average, 6.7 s geo-mean.",Restricted to affine loop nests; no loop fusion; objective targets compute-bound kernels (memory-bound kernels may be better served by communication-minimizing approaches); post-optimizations break the NLP lower-bound guarantee; II can be mispredicted (syrk/syr2k errors 49%/32%); on-board evaluation only on a subset and a single SLR.,S71 S75,PRIOR ART,This paper does not report: local vs joint evaluation; adaptive evidence acquisition; staged evaluation; decision or pareto stability. Not a novelty claim.,LITERATURE_REPORTED,CONFERENCE,REVIEWED_FULL_TEXT,arxiv,,/home/benyamin/Desktop/Library/A Unified Framework for Automated Code Transformation and Pragma Insertion.pdf,PDF first page (arXiv:2405.03058v6 with embedded ACM reference format for FPGA '25),NOT_REPORTED (no code URL found in the paper),Local file is the arXiv v6 version (2405.03058) carrying the FPGA '25 ACM reference and DOI.
RW0033,FIFOAdvisor,FIFOAdvisor: A DSE Framework for Automated FIFO Sizing of High-Level Synthesis Designs,"Abi-Karam, Stefan; Sarkar, Rishov; Basalama, Suhail; Cong, Jason; Hao, Callie",2026,ASP-DAC,10.1109/ASP-DAC66049.2026.11420742,https://doi.org/10.1109/ASP-DAC66049.2026.11420742,related_work/papers/core/RW0033_AbiKaram2026_FIFOAdvisor_ASPDAC.pdf,8f57ad7f0cf58bdc300336cf47cbaf3068c365a7bea6924466b7a5b8ac4fbe0f,LOCAL_EXISTING,PDF_AVAILABLE,local_only (gitignored),none (OpenAlex: closed),VERIFIED,CORE,All inter-kernel FIFO depths of a dataflow design sized jointly against whole-design latency; inter-kernel interaction boundary.,core,hls_dse;concurrent_multikernel,Sizing FIFO channels in HLS dataflow designs trades latency (stalls/deadlock) against on-chip memory; static analyses cannot handle data-dependent control flow and co-simulation-based search is too slow.,"Black-box multi-objective optimization with LightningSim incremental trace-based simulation (<1 ms per FIFO configuration) for latency and an analytical BRAM18K usage model; optimizers: random, grouped random, simulated annealing (weighted-sum sweep), grouped SA, greedy depth reduction; Pareto front extraction.","21-22 Stream-HLS dataflow kernels (linear algebra, DNN layers, e.g., k15mmtree, k15mmtseq, Autoencoder); FlowGNN PNA accelerator case study",AMD/Xilinx Alveo U280 (synthesis target),"Latency (cycles) relative to baselines, FIFO BRAM usage, Pareto frontiers, search runtime vs estimated co-simulation runtime","LITERATURE_REPORTED: vs Baseline-Max, grouped optimizers find configurations with zero FIFO BRAMs and virtually no slowdown (1.0026x / 0.9994x latency); greedy saves 85.6% BRAM; vs Baseline-Min, grouped SA gives 0.52x latency with ~3.0 BRAMs and un-deadlocks designs; search is 10^5-10^7x faster than co-simulation-based search.","Optimizes for a single testbench input set; FIFOs mapped only to BRAM (no URAM), flip-flop overhead ignored; BRAM model targets UltraScale+.",S15 S36 S65,PARTIAL OVERLAP,This paper does not report: staged evaluation; lifecycle or configuration cost. Not a novelty claim.,LITERATURE_REPORTED,CONFERENCE,REVIEWED_FULL_TEXT,published,,/home/benyamin/Desktop/Library/FIFOAdvisor: A DSE Framework for Automated FIFO Sizing of High-Level Synthesis Designs.pdf,"PDF first page (IEEE Xplore header with DOI, ASP-DAC 2026)",Code and results: https://github.com/sharc-lab/fifo-advisor,Paper text mentions both 21 and 22 Stream-HLS kernels.
RW0035,PatternDSE,Pattern-Guided Design Space Exploration for FPGA Accelerator Design,"Zhang, Jialiang; Yan, Weiman; Zou, Yuelin",2026,ICECCME (arXiv preprint),10.48550/arXiv.2607.15068,https://arxiv.org/abs/2607.15068,related_work/papers/hls_dse/RW0035_Zhang2026_PatternDSE_ICECCME_arxiv.pdf,bacd9ce5f87e9e98bcced49313ff282a76cd67f54605a1c37e1489a5ea1fac9a,DOWNLOADED_OPEN_ACCESS,PDF_AVAILABLE,local_only (gitignored),no license stated for OA version (green; https://arxiv.org/pdf/2607.15068),VERIFIED,SUPPORTING,Pattern-guided pruning of the HLS design space (staged evaluation). Recent arXiv; venue ICECCME 2026 not independently confirmed.,hls_dse,,"HLS schedule decisions (pipelining, unrolling, tiling, reordering, buffering) create a combinatorial space; generic search wastes synthesis budget on structurally unproductive schedules.","Map each kernel to one of five manually defined pattern classes (elementwise, reduction, matvec, gemm, stencil) with compact schedule templates; validate candidates by LLVM execution and HLS C code generation; rank with a simple pattern-aware latency/resource estimator; synthesize top-k with Vitis HLS.","vecadd, axpy, dot, matvec, gemm, jacobi2d","NOT_REPORTED (same target part and clock within an experiment, unspecified)","Number of HLS-evaluated candidates, search-space reduction, best valid HLS latency","LITERATURE_REPORTED: reduces HLS-evaluated candidates from 140 to 29 (4.83x overall, up to 12.0x per kernel) while recovering the same best valid Vitis HLS latency as the exhaustive-lite baseline for all six kernels.","Stated: manually defined, small pattern library; simple estimator; templates focus on loop scheduling and bounded unrolling; only exhaustive-lite baseline (no BO/GA/prior DSE tools). Also: tiny kernels, HLS-estimate evaluation only, pattern assigned manually per kernel.",S57 S88,PARTIAL OVERLAP,This paper does not report: local vs joint evaluation; adaptive evidence acquisition; decision or pareto stability; lifecycle or configuration cost. Not a novelty claim.,LITERATURE_REPORTED,CONFERENCE,REVIEWED_FULL_TEXT,arxiv,https://arxiv.org/pdf/2607.15068,,"arXiv PDF first page (header: Proc. ICECCME 2026, 15-17 Oct 2026, Bali) + arXiv abs page",NOT_REPORTED,"Identified by hint 'pattern-guided HLS DSE'; this is the only paper found titled/pitched as pattern-guided DSE and self-names 'PatternDSE'. Very recent (arXiv July 2026), 6-page conference paper; not peer-review status verified beyond the ICECCME 2026 header. Related but different: knowledge/code-similarity-based HLS DSE works (e.g., the knowledge-based approach of Ferretti et al. cited by CollectiveHLS) are not 'pattern-guided' in this sense."
RW0036,QoRML,Fast and Accurate Estimation of Quality of Results in High-Level Synthesis with Machine Learning,"Dai, Steve; Zhou, Yuan; Zhang, Hang; Ustun, Ecenur; Young, Evangeline F.Y.; Zhang, Zhiru",2018,FCCM,10.1109/FCCM.2018.00029,https://doi.org/10.1109/FCCM.2018.00029,related_work/papers/multifidelity/RW0036_Dai2018_QoRML_FCCM_accepted.pdf,a51995b15e309d66eb2b70240e1dbe9dfaeef148d74983dcdae633590db0854b,LOCAL_EXISTING,PDF_AVAILABLE,local_only (gitignored),none (OpenAlex: closed),VERIFIED,SUPPORTING,Estimates post-implementation QoR from HLS reports: cross-fidelity model.,multifidelity,hls_dse;physical,"HLS-reported resource and timing estimates deviate strongly from post-implementation QoR (e.g., 125% LUT and 98% FF relative error), preventing meaningful DSE without running implementation.","Build a dataset of >1300 C-to-bitstream samples over 65 designs; extract 234 HLS-report features reduced to 87 via correlation filtering and L1 selection; train Lasso, ANN and XGBoost regression (LUT/FF/DSP/BRAM) and classification (timing met), single- and multi-task.","CHStone, MachSuite, S2CBench, Rosetta (65 designs; clock periods 1,2,3,5,10 ns)","Xilinx Zynq-7000, Artix-7, Kintex-7, Virtex-7 (implementation targets)",Relative absolute error (RAE) for LUT/FF/DSP/BRAM; timing classification error rate; feature importance,"LITERATURE_REPORTED: models reduce HLS estimation errors by up to 138%; XGBoost achieves less than 5% error for LUT and FF and less than 1% for DSP and BRAM in a majority of single-task cases, with millisecond inference.",Requires running HLS to obtain features; dataset lacks directive variation (noted as future augmentation); random split rather than unseen-design evaluation; older 7-series devices.,S04 S21 S89,METHOD FOUNDATIONAL,This paper does not report: interactions measured; adaptive evidence acquisition; decision or pareto stability; lifecycle or configuration cost. Not a novelty claim.,LITERATURE_REPORTED,CONFERENCE,REVIEWED_FULL_TEXT,accepted,,/home/benyamin/Desktop/Library/Fast and Accurate Estimation of Quality of Results in High-Level Synthesis with Machine Learning.pdf,"PDF first page (title/authors; no venue on PDF) + web search (CUHK research portal / Semantic Scholar) for venue, year, DOI",Dataset stated as publicly available on authors' website (URL not given in the PDF),PDF has no venue header; venue/DOI confirmed via web search. Local filename lacks the trailing asterisk from the task list. pdf_version assumed 'accepted' (author-formatted version without IEEE header).
RW0037,FADO,FADO: Floorplan-Aware Directive Optimization for High-Level Synthesis Designs on Multi-Die FPGAs,"Du, Linfeng; Liang, Tingyuan; Sinha, Sharad; Xie, Zhiyao; Zhang, Wei",2023,FPGA,10.1145/3543622.3573188,https://doi.org/10.1145/3543622.3573188,related_work/papers/core/RW0037_Du2023_FADO_FPGA_arxiv.pdf,4e63512b5bd841b194d0ffbac8aab37b3397ea74ec0783cfade65e9e06bff353,DOWNLOADED_OPEN_ACCESS,PDF_AVAILABLE,local_only (gitignored),no license stated for OA version (gold; https://dl.acm.org/doi/pdf/10.1145/3543622.3573188),VERIFIED,CORE,Directives of multiple kernels co-optimized under shared per-die resources with floorplan interaction; joint multi-kernel boundary.,core,physical;hls_dse,"HLS directive DSE for single-die FPGAs ignores per-die resource constraints and die-crossing delays on multi-die FPGAs, while global floorplanning per DSE step is too slow.","Formulates as multi-choice multi-dimensional bin-packing; iterative latency-bottleneck-guided greedy directive search with incremental floorplan legalization (worst-fit online packing, best-fit-decreasing offline re-packing, look-ahead/look-back) and incremental pipelining of die-crossing wires; function-level QoR library from HLS sampling.","Six composite designs: CNN*2+2MM*1, MM*1+COV*2, MTTKRP*2+HEAT*2, MM*2+2MM*2, CNN*3+COV*2, MTTKRP*2+COV*2 (dataflow CNN/MM/MTTKRP from PolySA/AutoSA; 2MM/COV/HEAT from PolyBench)","Xilinx Alveo U250 (floorplanning restricted to lower half, 4 slots on SLR0/SLR1; 65% per-slot resource limit)","DSE runtime, latency (cycles), Fmax, overall execution time, max resource utilization per slot","LITERATURE_REPORTED: 693X-4925X shorter DSE runtime than DSE with global floorplanning, and 1.16X-8.78X improvement in overall workflow execution time after implementation on Alveo U250; 33.12% smaller latency on average vs iterative DO+AutoBridge FP, average Fmax 290.96 MHz.","Greedy bottleneck-driven, latency-oriented search (not full Pareto); evaluated on 6 synthesized composite benchmarks and restricted to half of U250; relies on per-function QoR library (template reuse); implementation non-determinism affects Fmax.",S15 S65 S78,PARTIAL OVERLAP,This paper does not report: adaptive evidence acquisition; lifecycle or configuration cost. Not a novelty claim.,LITERATURE_REPORTED,CONFERENCE,REVIEWED_FULL_TEXT,arxiv,https://arxiv.org/pdf/2212.11582,,arXiv v3 PDF (author version with FPGA'23 reference) + arXiv abs page,Code: https://github.com/RipperJ/FADO (stated fully open-sourced in paper),"Hint mentioned FPGA/TCAD: the conference version is FPGA'23 (recorded here). Journal extension: 'FADO: Floorplan-Aware Directive Optimization Based on Synthesis and Analytical Models for High-Level Synthesis Designs on Multi-Die FPGAs', ACM TRETS 2024, DOI 10.1145/3653458 (author copy https://zhiyaoxie.com/files/TRETS24_FADO.pdf, 'FADO 2.0'), not reviewed here."
RW0042,HLPSDSE,Automated Design Space Exploration in High-Level Physical Synthesis,"Du, Linfeng; Liang, Jiawei; Lau, Jason; Chi, Yuze; Xie, Yutong; Su, Chunyou; Ahmad, Afzal; He, Zifan; Ke, Jake; Ge, Jinming; Cong, Jason; Zhang, Wei; Guo, Licheng",2025,ICCAD,10.1109/ICCAD66269.2025.11240757,https://doi.org/10.1109/ICCAD66269.2025.11240757,related_work/papers/physical/RW0042_Du2025_HLPSDSE_ICCAD.pdf,d0bcec56bd13f64aa64c659062391f70f17f6b39fc393a378ddc3532e79c220d,LOCAL_EXISTING,PDF_AVAILABLE,local_only (gitignored),none (OpenAlex: closed),VERIFIED,SUPPORTING,Metric-guided DSE over floorplan/implementation choices with post-route feedback: HLS-physical co-DSE foundation.,physical,hls_dse,"High-Level Physical Synthesis (HLPS) QoR on multi-die FPGAs is unstable because many partitioning, floorplanning and pipelining parameters are chosen ad hoc; small parameter changes can change Fmax by 5x or cause routing failure.","Iterative, metric-guided DSE organized as a finite-state machine of six actions; after each place-and-route, extracts physical metrics (per-slot utilization, congestion windows, critical-path distribution, slot-crossing distribution, vacant zones) via RapidWright and Vivado Tcl and applies heuristics (e.g., slot-wise limit and wire-capacity adjustment algorithms) plus ILP floorplanning/routing.","Sextans (SpMM), Callipepla (CG solver), MM 10x13 systolic array, Serpens (SpMV), NTT, GPT-2 Medium accelerator","AMD Alveo U55C, U280, U250, Versal VHK158 (implementation only; AMD EPYC 7742 server)","Post-route Fmax (MHz), cumulative DSE time (hours), number of solutions and parallel batches, resource utilization per slot","LITERATURE_REPORTED: average frequency of 311.06 MHz, 2.42x the Vitis/Vivado toolchain (128.48 MHz) and 1.67x AutoBridge (186.21 MHz).","Heuristic sequential action order without optimality guarantee; single PnR iteration can exceed ten hours so DSE takes days (e.g., up to 325 h cumulative) with limited coverage; design-level HLS partitioning issues (e.g., NTT large module) cannot be fixed by HLPS parameters.",S78 S61,RELEVANT BUT DIFFERENT,This paper does not report: decision or pareto stability; lifecycle or configuration cost. Not a novelty claim.,LITERATURE_REPORTED,CONFERENCE,REVIEWED_FULL_TEXT,published,,/home/benyamin/Desktop/Library/Automated Design Space Exploration in High-Level Physical Synthesis.pdf,PDF first page (IEEE Xplore header with DOI),NOT_REPORTED (no framework code URL in the paper; benchmark design repositories are cited),"Authors from RapidStream Design Automation, HKUST, UCLA."
RW0043,DPRSurvey,"FPGA Dynamic and Partial Reconfiguration: A Survey of Architectures, Methods, and Applications","Vipin, Kizheppatt; Fahmy, Suhaib A.",2018,ACM Computing Surveys,10.1145/3193827,https://doi.org/10.1145/3193827,related_work/papers/lifecycle_dfx/RW0043_Vipin2018_DPRSurvey_CSUR_accepted.pdf,1c448e055d986641c1a2e562184f51a04cbd53d4b8488cb0fc02293a90ed8c67,DOWNLOADED_OPEN_ACCESS,PDF_AVAILABLE,local_only (gitignored),none (OpenAlex: closed),VERIFIED,SUPPORTING,"Survey of dynamic/partial reconfiguration architectures and overheads (reconfiguration time, tool runtime).",lifecycle_dfx,physical,"Why dynamic and partial reconfiguration (PR) sees limited use despite extensive study; surveys architectures, design flows, overhead-reduction methods and applications, and identifies challenges.","Literature survey; covers PR architectures, vendor and academic design flows (incl. HLS-to-PR bridges), overhead reduction (partitioning, floorplanning, bitstream compression, reconfiguration controllers), runtime management and applications.",NOT_APPLICABLE,NOT_APPLICABLE (surveys Xilinx/Intel device families),"Reconfiguration time/throughput (MB/s), resource overhead (as surveyed)",LITERATURE_REPORTED: the two major PR overheads are resource wastage and reconfiguration time; modern FPGAs take 'several milliseconds or even seconds' to reconfigure; vendor PR implementation runs can take 'hours or even days'; partitioning choices (modules per region) can increase reconfiguration time dramatically; ICAP theoretical limit ~400 MB/s while vendor controllers achieve far less.,Survey snapshot (circa 2017); no new experiments; device-specific numbers may be dated.,S85 S86,METHOD FOUNDATIONAL,UNRESOLVED,LITERATURE_REPORTED,SURVEY,REVIEWED_FULL_TEXT,accepted,https://vipinkizheppatt.github.io/publications/pr_survey.pdf,,"PDF first page (author copy) + Crossref (CSUR 51(4), 2018, 39 pp.)",NOT_APPLICABLE,"IDENTITY: Key renamed from placeholder DFX1. | Chosen as DFX1: widely cited survey that explicitly treats reconfiguration time and PR tool runtime as design overheads, and PR partitioning as a decision affecting configuration time — directly relevant to lifecycle/configuration cost in design decisions. PDF is the authors' copy with ACM template placeholders (2017, Vol 1 No 1); final published CSUR 51(4) 2018 may differ slightly; pdf_version set to 'accepted' (author version) — uncertain."
RW0044,FOS,FOS: A Modular FPGA Operating System for Dynamic Workloads,"Vaishnav, Anuj; Pham, Khoa Dang; Powell, Joseph; Koch, Dirk",2020,ACM TRETS,10.1145/3405794,https://doi.org/10.1145/3405794,related_work/papers/lifecycle_dfx/RW0044_Vaishnav2020_FOS_TRETS_arxiv.pdf,ba7485013bf6f1bbe99538c806b03e07a112546d0b9c0532d585baedd1e38188,DOWNLOADED_OPEN_ACCESS,PDF_AVAILABLE,local_only (gitignored),other-oa for OA version (green; https://research.manchester.ac.uk/en/publications/603bcddc-6e1f-45f7-b7b0-0caca4ea8a9a),VERIFIED,SUPPORTING,PR-based FPGA OS measuring swap/update latency and switching HLS variants at runtime.,lifecycle_dfx,concurrent_multikernel;physical,"FPGA systems lack modularity and multi-tenancy support; component dependencies force whole-stack recompilation, and static accelerator allocation under-utilizes resources for dynamic workloads.","Modular development flow (shell, accelerators, drivers, runtime compiled in isolation with fixed interfaces), relocatable PR regions with bitstream manipulation (BitMan), JSON descriptors, and a resource-elastic scheduler arbitrating PR regions in time and space and reusing already-loaded accelerators.","Spector benchmark suite (OpenCL/HLS), AES, Normal Estimation, Black-Scholes, Mandelbrot, Sobel","Xilinx ZCU102, UltraZed, Ultra-96 (Zynq UltraScale+ MPSoC)","Compilation (P&R + bitstream) time, component update latency, memory bandwidth, execution latency/speedup",LITERATURE_REPORTED: 'FOS can speed up the compilation time by up to 2.34x and avoid standard recompilation requirements to reduce the update latencies by over 100x'; accelerator swap latency 3.81 ms (Ultra-96) / 6.77 ms (ZCU102); DCT achieved 3.55x for 2x resources by switching to a larger implementation.,Requires homogeneous PR regions and fixed interfaces; memory bandwidth contention (row-buffer pollution) limits scaling; rapid multi-tenant requests induce reconfiguration latencies; evaluated on embedded MPSoC boards only.,S85 S86 S84,RELEVANT BUT DIFFERENT,This paper does not report: adaptive evidence acquisition; staged evaluation; decision or pareto stability. Not a novelty claim.,LITERATURE_REPORTED,JOURNAL,REVIEWED_FULL_TEXT,arxiv,https://arxiv.org/pdf/2001.09990,,"arXiv PDF (2001.09990v1) + Crossref (TRETS 13(4), 2020, pp. 1-28)",Open source: https://github.com/khoapham/fos (also github.com/FPGA-Research-Manchester/fos),IDENTITY: Key renamed from placeholder DFX3. | Chosen as DFX3: well-cited DFX-based system that quantifies compile time and partial-reconfiguration/update latency and switches among HLS implementation variants at runtime — relevant to configuration-cost-aware accelerator decisions. Reviewed arXiv v1 (Jan 2020); published TRETS version may differ.
RW0045,PLD,PLD: Fast FPGA Compilation to Make Reconfigurable Acceleration Compatible with Modern Incremental Refinement Software Development,"Xiao, Yuanlong; Micallef, Eric; Butt, Andrew; Hofmann, Matthew; Alston, Marc; Goldsmith, Matthew; Merczynski-Hait, Andrew; DeHon, André",2022,ASPLOS,10.1145/3503222.3507740,https://doi.org/10.1145/3503222.3507740,related_work/papers/lifecycle_dfx/RW0045_Xiao2022_PLD_ASPLOS.pdf,17a42a757d216ee774c90c86068ab73d7dbe7baa5068b9274bbb3efb6f1a108f,DOWNLOADED_OPEN_ACCESS,PDF_AVAILABLE,local_only (gitignored),cc-by-nc-nd for OA version (gold; https://dl.acm.org/doi/pdf/10.1145/3503222.3507740),VERIFIED,SUPPORTING,DFX-based fast compilation trading compile cost against QoR: build/configuration cost source.,lifecycle_dfx,physical;multifidelity,FPGA compile times of hours inhibit incremental edit-compile-debug refinement; the paper introduces separate compilation and linking of HLS operators using DFX partial-reconfiguration pages to offer compile-time/performance trade-off levels.,Partition the FPGA into DFX pages with a packet-switched linking network (BFT); compile each operator separately with Vitis HLS + Vivado using abstract shell; load partial bitstreams and configure links at runtime; same C source can target RISC-V soft cores.,"Rosetta benchmark suite (3D Rendering, Digit Recognition, Spam Filter, Optical Flow, BNN, Face Detection)",Xilinx Alveo U50 (Virtex UltraScale+ XCU50),"Compile time (per stage and total), application runtime/throughput, clock frequency, resource utilization","LITERATURE_REPORTED: separate compilation (-O1) reduces compile times from 1-2 hours to 10-20 minutes (4.2-7.3x speedup) and -O0 to under 4 seconds; -O1 designs run 1.5-10x slower than monolithic, while -O3 decomposed designs match monolithic performance.",-O1 performance limited by linking-network bandwidth and overlay overhead; requires streaming-dataflow operator decomposition (hls::stream interfaces); increased BRAM use for FIFOs; page sizes fixed.,S85 S94,RELEVANT BUT DIFFERENT,This paper does not report: adaptive evidence acquisition; decision or pareto stability. Not a novelty claim.,LITERATURE_REPORTED,CONFERENCE,REVIEWED_FULL_TEXT,published,https://ic.ese.upenn.edu/pdf/pld_asplos2022.pdf,,"PDF first page (published, CC BY-NC-ND) + Crossref (pp. 933-945)",Open source: https://github.com/icgrp/pld2022,IDENTITY: Key renamed from placeholder DFX2. | Chosen as DFX2: uses DFX partial reconfiguration regions directly in an HLS flow and quantifies compile/turnaround cost vs QoR — relevant to evaluation-cost/lifecycle aspects of HLS-DSE. Related follow-up: HiPR (FPL 2022) high-level partial reconfiguration for fast incremental compile.
RW0046,Bonamy12DPR,Power Consumption Model for Partial and Dynamic Reconfiguration,"Bonamy, Robin; Chillet, Daniel; Bilavarn, Sebastien; Sentieys, Olivier",2012,ReConFig,10.1109/ReConFig.2012.6416772,https://doi.org/10.1109/ReConFig.2012.6416772,related_work/papers/energy_sustainability/RW0046_Bonamy2012_Bonamy12DPR_ReConFig.pdf,e29c6b640f4d97a3c18071a0995f908113b6b782dc40550c60a04ceb61ef3810,LOCAL_EXISTING,PDF_AVAILABLE,local_only (gitignored),none (OpenAlex: closed),VERIFIED,SUPPORTING,Power model of partial/dynamic reconfiguration: configuration-energy cost source.,energy_sustainability,lifecycle_dfx,"Lack of accurate power/energy models of FPGA dynamic partial reconfiguration (DPR) to decide between static hardware, DPR hardware, or software tasks.","Measure FPGA core power during DPR steps (CompactFlash read, xps_hw_icap writes) and derive coarse-, medium- and fine-grained power models with different accuracy/complexity.",Reconfiguration between hardware tasks in one partially reconfigurable region (4 configuration cases),"Xilinx ML550 board, Virtex-5 XC5VLX50T, MicroBlaze + xps_hw_icap","Power profile, reconfiguration energy (mJ), model energy error and power error std. dev.",LITERATURE_REPORTED: fine-grained model estimates DPR energy with <6% error (1.8% average); coarse/medium models give ~8-9% average error but coarse model up to 77% error when idle power differs; bitstream writing adds ~45 mW (>10% of FPGA power).,Single old device/board and CompactFlash-based slow controller; small set of configurations.,S86 S19,METHOD FOUNDATIONAL,UNRESOLVED,LITERATURE_REPORTED,CONFERENCE,REVIEWED_FULL_TEXT,published,,/home/benyamin/Desktop/pragma_mach/reference/papers/bonamy2012_dpr_power_model.pdf,"PDF (title/authors, IEEE 2012 ISBN 978-1-4673-2921-7) + web search (ReConFig 2012, Cancun; DOI from search result, HAL hal-00741611)",NOT_REPORTED,"Title on PDF: 'Power Consumption Model for Partial and Dynamic Reconfiguration'; IEEE/ResearchGate list it as 'Power Consumption Model for Partial Dynamic Reconfiguration'. DOI taken from web search, not printed in PDF. Distinct from the later journal paper 'Power consumption models for the use of dynamic and partial reconfiguration' (Microprocessors and Microsystems, 2014)."
RW0047,Nafkha17DPR,Accurate Measurement of Power Consumption Overhead During FPGA Dynamic Partial Reconfiguration,"Nafkha, Amor; Louet, Yves",2016,ISWCS,,https://ieeexplore.ieee.org/document/7600972/,related_work/papers/energy_sustainability/RW0047_Nafkha2016_Nafkha17DPR_ISWCS_arxiv.pdf,9dfeed771286b53c1d675d641fec93feecfd13935601f3e7a0b7a5baf6eec0d0,LOCAL_EXISTING,PDF_AVAILABLE,local_only (gitignored),UNKNOWN (no DOI or lookup failed),VERIFIED_CORRECTED,SUPPORTING,Measurement method for DPR power overhead: foundation for measured (not estimated) configuration energy.,energy_sustainability,lifecycle_dfx,Quantify time and power overhead of FPGA DPR with adequate temporal resolution.,"Custom ICAP32 DMA controller for high-throughput internal reconfiguration; measure VCCINT via shunt resistors, AD620 amplifiers and oscilloscope; compare full JTAG, partial JTAG and partial ICAP reconfiguration.","APT-VDF filter (highpass/bandstop configurations), order-21 prototype","Xilinx ML550, Virtex-5 XC5VLX50T","Reconfiguration time, bitstream size, core power overhead","LITERATURE_REPORTED: partial reconfiguration of a 94.5 KB bitstream via ICAP32 DMA takes ~324 us (vs 208.9 ms partial JTAG, 3.80 s full JTAG); DPR power overhead does not exceed ~160 mW.",Single design/device; oscilloscope-based short measurement; no energy model.,S86 S19,METHOD FOUNDATIONAL,UNRESOLVED,LITERATURE_REPORTED,CONFERENCE,REVIEWED_FULL_TEXT,arxiv,,/home/benyamin/Desktop/pragma_mach/reference/papers/nafkha2017_dpr_power_measurement.pdf,"PDF (arXiv:1701.08849v1 stamp) + web search (13th ISWCS 2016, Poznan; IEEE Xplore 7600972)",NOT_REPORTED,IDENTITY: Conference paper is ISWCS 2016 (local filename said 2017). | Local file is arXiv 1701.08849v1 (Jan 2017); conference version ISWCS 2016 (Sept 2016). IEEE DOI not confirmed (Xplore document 7600972); doi left empty. Local filename says 2017 (arXiv date).
RW0048,HLPow,HL-Pow: A Learning-Based Power Modeling Framework for High-Level Synthesis,"Lin, Zhe; Zhao, Jieru; Sinha, Sharad; Zhang, Wei",2020,ASP-DAC,10.1109/ASP-DAC47756.2020.9045442,https://doi.org/10.1109/ASP-DAC47756.2020.9045442,related_work/papers/energy_sustainability/RW0048_Lin2020_HLPow_ASPDAC_arxiv.pdf,c6b1774761ca9996b46cf261d7a34f29aa534845991a0194d32e04e4d61caa61,DOWNLOADED_OPEN_ACCESS,PDF_AVAILABLE,local_only (gitignored),no license stated for OA version (green; https://arxiv.org/pdf/2009.00871),VERIFIED,SUPPORTING,Learned power model driving a latency-power Pareto search over HLS directives.,energy_sustainability,hls_dse,"Power of HLS designs is unknown until slow RTL implementation and measurement, hindering power-aware directive exploration.","Automated feature construction from HLS reports/IR (resources, performance, scaling factors, operator-level switching activity from IR simulation; 256 features) and ML power models (linear, SVM, tree ensembles/GBDT, MLP/CNN/ResNet); a DSE algorithm using standard-deviation-reduction-based sampling to approximate the latency-power Pareto frontier while running HLS on a subset of points.","22 PolyBench applications (test on 7 unseen: atax, bicg, fdtd-2d, gemm, gramschmidt, jacobi-2d, mvt); up to 11,326 design points",Xilinx UltraScale+ ZCU102,Power prediction MAE (% and mW); ADRS; fraction of design points sampled,LITERATURE_REPORTED: power model 'only 4.67% (24.02 mW) away from onboard power measurement'; DSE reaches a close Pareto approximation (average ADRS 2.35% / 1.84%) 'while only requiring running HLS flow for 20%' (resp. 40%) of design points.,Model trained per device/tool version (transfer to other FPGAs not shown); single-kernel designs; power model needs RTL implementation data for training; energy (power x latency) not optimized directly.,S19,PARTIAL OVERLAP,This paper does not report: local vs joint evaluation; interactions measured; decision or pareto stability; lifecycle or configuration cost. Not a novelty claim.,LITERATURE_REPORTED,CONFERENCE,REVIEWED_FULL_TEXT,arxiv,https://arxiv.org/pdf/2009.00871,,"PDF first page (arXiv) + arXiv abs page (DOI, 'published as a conference paper in ASP-DAC 2020')",NOT_REPORTED (no code link in paper),"IDENTITY: Key renamed from placeholder ENERGY1. | ENERGY slot justification: directly combines power prediction with HLS directive DSE (latency-power Pareto) validated by on-board measurement; predecessor of PowerGear (already held) by the same group, so it adds the DSE-with-power-in-the-loop angle rather than duplicating it. Not on the excluded list."
RW0050,EtoEDSE,System-Level Design Space Exploration for High-Level Synthesis under End-to-End Latency Constraints,"Liao, Yuchao; Adegbija, Tosiron; Lysecky, Roman",2024,IEEE TCAD,10.1109/TCAD.2024.3471892,https://doi.org/10.1109/TCAD.2024.3471892,related_work/papers/core/RW0050_Liao2024_EtoEDSE_TCAD_arxiv.pdf,db1a8c2a44ff9a06e54d4623a017c66538710e4cafbfbed7d56a36489dedd850,DOWNLOADED_OPEN_ACCESS,PDF_AVAILABLE,local_only (gitignored),none (OpenAlex: closed),VERIFIED,CORE,Component HLS alternatives combined and evaluated at system level under end-to-end latency; joint-composition boundary.,core,energy_sustainability;concurrent_multikernel;hls_dse,HLS DSE usually optimizes components individually and ignores end-to-end latency across interacting components of multi-component embedded systems.,"EtoE-DSE: end-to-end pathfinding (EPF) and worst-case latency estimation; frequency-based design space segmentation and energy/area Pareto pruning of alternatives (FDSS); latency-constrained segmented GA optimization (LCSO), parallelized across segments.","Autonomous driving subsystem (10 PSMs, 18 MCCs, 490 MCC alternatives)",Xilinx Artix-7 XC7A100T,"Energy (mJ), area (FF+LUT), EtoE latency, AEDRS (modified ADRS), design space reduction, execution time",LITERATURE_REPORTED: 'improving the quality of results by up to 89.26%' vs prior DSE while identifying energy/area Pareto-optimal configurations; FDSS reduces the design space by ~2.15e+55x without QoR loss; parallel variant cuts execution time by 68.49%.,Worst-case EtoE latency estimation (stated); single case study; energy/area estimated rather than measured; reference front built from merged runs (no exhaustive ground truth).,S15 S65 S66,PARTIAL OVERLAP,This paper does not report: adaptive evidence acquisition; lifecycle or configuration cost. Not a novelty claim.,LITERATURE_REPORTED,JOURNAL,REVIEWED_FULL_TEXT,arxiv,https://arxiv.org/pdf/2408.10431,,PDF first page (arXiv v2) + arXiv abs page ('Accepted in IEEE TCAD') + OpenAlex (DOI),NOT_REPORTED,"IDENTITY: Key renamed from placeholder ENERGY2. | ENERGY slot justification: energy-aware HLS DSE that is also multi-component/system-level, i.e., energy objective plus joint evaluation of interacting HLS components, directly relevant to concurrent multi-kernel HLS-DSE. Downloaded version is arXiv v2 (accepted manuscript for TCAD); DOI from OpenAlex."
RW0052,GreenFPGA,GreenFPGA: Evaluating FPGAs as Environmentally Sustainable Computing Solutions,"Choppali Sudarshan, Chetan; Arora, Aman; Chhabria, Vidya A.",2024,DAC,10.1145/3649329.3657343,https://doi.org/10.1145/3649329.3657343,related_work/papers/energy_sustainability/RW0052_ChoppaliSudarshan2024_GreenFPGA_DAC_arxiv.pdf,4eecc1572a26a62a9af8ec87674b2537ad96b56092d15ab6bcb53ab14092274a,LOCAL_EXISTING,PDF_AVAILABLE,local_only (gitignored),none (OpenAlex: closed),VERIFIED,SUPPORTING,FPGA-specific embodied + operational carbon over lifetime.,energy_sustainability,lifecycle_dfx,"When is an FPGA, thanks to reconfigurability across applications, a lower-carbon acceleration platform than iso-performance ASICs over the full lifecycle?","GreenFPGA tool: embodied CFP models (design, manufacturing/packaging from ACT/ECO-CHIP data, EOL/recycling) plus deployment CFP (operational energy x carbon intensity, application development including FE/BE and per-device configuration time), compared at iso-performance.","Three domains at iso-performance (DNN, Crypto, ImgProc) from prior study [12]","Modeled FPGA testcases based on Intel Agilex 7 and Stratix 10 (TDP, area, node) vs ASICs",Total carbon footprint (CFP) and its embodied/operational components,"LITERATURE_REPORTED: FPGAs have lower CFP than ASICs for application lifetimes below ~1.6 years, when reused across more than ~5 applications, or for volumes under ~2 million (domain dependent); for ImgProc, ASICs always greener.",Relies on public reports and literature iso-performance ratios; no measurement validation; coarse application-development and configuration models.,S20 S94,RELEVANT BUT DIFFERENT,UNRESOLVED,LITERATURE_REPORTED,CONFERENCE,REVIEWED_FULL_TEXT,arxiv,,/home/benyamin/Desktop/Sustainable_Design_Explorer/Papers/GreenFPGA_Evaluating_FPGAs_as_Environmentally_Sustainable_Computing_Solutions_2024.pdf,PDF first page (ACM reference format DAC '24; arXiv:2311.12396v2 stamp),Open source: https://github.com/ASU-VDA-Lab/GreenFPGA,Local file is arXiv 2311.12396v2 (9 Jul 2024) carrying the DAC '24 reference block.
RW0053,IdleSleep,Idle is the New Sleep: Configuration-Aware Alternative to Powering Off FPGA-Based DL Accelerators During Inactivity,"Qian, Chao; Cichiwskyj, Christopher; Ling, Tianheng; Schiele, Gregor",2024,ARCS (LNCS 14842),10.1007/978-3-031-66146-4_11,https://doi.org/10.1007/978-3-031-66146-4_11,related_work/papers/energy_sustainability/RW0053_Qian2024_IdleSleep_ARCS_arxiv.pdf,53963a987e44eec8db8561cd7f4e7653691d9a39cf8f4abfd0d7a43329036e29,LOCAL_EXISTING,PDF_AVAILABLE,local_only (gitignored),cc-by for OA version (green; https://arxiv.org/pdf/2407.12027),VERIFIED,SUPPORTING,Configuration-aware alternative to powering off FPGA accelerators; measured configuration/idle power.,energy_sustainability,lifecycle_dfx,"In duty-cycled IoT inference, FPGA configuration energy after power-off dominates; when is keeping the FPGA configured and idle better than On-Off?",Measure configuration stages and tune parameters; propose Idle-Waiting strategy with analytical model of executable workload items; reduce idle power by disabling clock reference/IOs and lowering VCCINT/VCCAUX; Python simulator (YAML workloads) for unsupported cases.,LSTM accelerator (hidden size 20) from authors' prior work,Elastic-node-style board: RP2040 MCU + Spartan-7 XC7S15 (also XC7S25),"Configuration time/power/energy, idle power, executable workload items, system lifetime",LITERATURE_REPORTED: tuned configuration cuts configuration energy 40.13x (to 11.85 mJ); Idle-Waiting with power-saving beats On-Off for request periods up to 499.06 ms and at 40 ms extends lifetime ~12.39x within a 4147 J budget.,Idle power bound by flash component; voltage scaling only simulated; single accelerator; periodic requests only.,S85 S86,RELEVANT BUT DIFFERENT,UNRESOLVED,LITERATURE_REPORTED,CONFERENCE,REVIEWED_FULL_TEXT,arxiv,,/home/benyamin/Desktop/pragma_mach/reference/papers/idle_is_the_new_sleep_2024.pdf,"PDF (arXiv:2407.12027v2 stamp) + web search (Springer chapter, ARCS 2024, LNCS 14842)",NOT_REPORTED,"Local file is arXiv 2407.12027v2 (21 Apr 2026), revised after ARCS 2024 publication."
RW0057,CORDOBA,CORDOBA: Carbon-Efficient Optimization Framework for Computing Systems,"Elgamal, Mariam; Carmean, Doug; Ansari, Elnaz; Zed, Okay; Peri, Ramesh; Manne, Srilatha; Gupta, Udit; Wei, Gu-Yeon; Brooks, David; Hills, Gage; Wu, Carole-Jean",2025,HPCA,10.1109/HPCA61900.2025.00098,https://doi.org/10.1109/HPCA61900.2025.00098,related_work/papers/energy_sustainability/RW0057_Elgamal2025_CORDOBA_HPCA.pdf,4e44ebf0b94e552796820552c2115564a00f8bf6c3043b6dc747d7f9740cb69f,LOCAL_EXISTING,PDF_AVAILABLE,local_only (gitignored),none (OpenAlex: closed),VERIFIED,SUPPORTING,Carbon-aware design optimization with explicit Pareto/decision analysis; methodology for carbon objectives.,energy_sustainability,lifecycle_dfx,"How to optimize total (embodied + operational) carbon efficiency of computing systems in large design spaces while trading off power, performance, area, and handling carbon-data uncertainty.","Define and justify tCDP (total carbon x delay); sweep design space via an ML-accelerator simulator plus an updated ACT carbon model; derive tCDP-optimal designs and Pareto fronts across operational use, prune designs sub-optimal for any lifetime, and trade optimality against carbon-parameter uncertainty.","15 AI/XR kernels (ResNet-18/50/152, GoogleNet, MobileNet-V2, eye tracking, depth estimation, denoising, super-resolution, etc.) grouped into 5 tasks","Simulated ML accelerators; Meta Quest 2 (Qualcomm Snapdragon XR2, 7 nm) for real-system profiling","tCDP, total carbon (embodied + operational), CCI, EDP, delay, energy, area","LITERATURE_REPORTED: tCDP identifies distinct carbon-efficient optimal designs, eliminating up to 98% of the design space as sub-optimal for any operational lifetime despite carbon-parameter uncertainty; 8->4 cores improves tCDP by 1.25x; 3D logic-memory stacking improves tCDP up to 6.9x.",Carbon estimates bounded by carbon-data uncertainty and simulator fidelity; power P(t) assumed fixed/known in uncertainty analysis; exhaustive sweep of a small (121-point) space taking hours.,S20 S92 S43,METHOD FOUNDATIONAL,This paper does not report: adaptive evidence acquisition; staged evaluation. Not a novelty claim.,LITERATURE_REPORTED,CONFERENCE,REVIEWED_FULL_TEXT,published,,/home/benyamin/Desktop/Sustainable_Design_Explorer/Papers/CORDOBA_Carbon-Efficient_Optimization_Framework_for_Computing_Systems_2025.pdf,PDF first page (IEEE HPCA 2025 header and DOI),NOT_REPORTED,
RW0063,COSMOS,COSMOS: Coordination of High-Level Synthesis and Memory Optimization for Hardware Accelerators,"Piccolboni, Luca; Mantovani, Paolo; Di Guglielmo, Giuseppe; Carloni, Luca P.",2017,ACM TECS 16(5s) Art. 150 (CODES+ISSS 2017),,https://arxiv.org/abs/1912.10823,related_work/papers/core/RW0063_Piccolboni2017_COSMOS_TECS_arxiv.pdf,bdabfd90e240dd7d403ab91a717bf4bef86cf7f0eb2067cb96c17be33097519c,DOWNLOADED_OPEN_ACCESS,PDF_AVAILABLE,local_only (gitignored),NOT_CHECKED,VERIFIED_FULL_TEXT_CORRECTED,CORE,"COSMOS jointly chooses HLS knobs (unrolls, PLM ports) of the 12+ components of one accelerator (WAMI) under a system throughput target while minimizing total area: boundary (a). It composes per-component characterizations analytically (TMG cycle time plus summed area) and never synthesizes or implements the composed system, i.e. exactly the local-evidence-only approach the central question challenges. (full-text review)",core,concurrent_multikernel;hls_dse,System-level DSE for accelerators made of many HLS components with exponential knob combinations and unpredictable HLS; obtain the system area-vs-throughput Pareto curve with few HLS invocations.,"Component characterization (Alg. 1): per PLM port count (1..16) synthesize the max-latency/min-area and min-latency/max-area extremes (lambda-constraint, Eq. 1), giving rectangular regions; PLM area from the Mnemosyne generator added. Synthesis planning: theta-constrained LP over a timed-marked-graph system model, min sum f_i(tau_i) s.t. A*sigma + M0/theta >= tau (Eq. 2), f_i convex piecewise-linear; theta swept by (1+delta). Mapping via an Amdahl-law inverse (Eqs. 4-5). COMPOSITION OPERATOR: system cost = SUM of component areas (logic + PLM); throughput = 1 / TMG minimum cycle time from component effective latencies; latency-insensitive 256-bit channels, communication not explored.","One case study: WAMI accelerator (PERFECT suite; ~7000 lines SystemC; Debayer, Grayscale, Gradient, Hessian, SD-Update, Matrix ops, Steepest-Descent, Change-Detection, Warp).",Industrial 32 nm ASIC library (SRAM PLMs); FPGA possible but not evaluated.,"Component effective latency and area, system throughput (frames/s), latency/area span, HLS invocations, planned-vs-mapped area mismatch.","LITERATURE_REPORTED: Table 1 average latency span 4.06x and area span 2.58x vs 1.73x/1.22x without memory co-design. Fig. 11: HLS invocations reduced 6.7x on average, up to 14.6x per component vs exhaustive per-component synthesis. Fig. 10: planned vs mapped area mismatch 0.1-2.5% for most points, 11.9% and 13.0% for two points. System-level combinations exceed 9e12.","AUTHOR-STATED: TMGs cannot capture data-dependent behaviour; the lambda-constraint does not guarantee Pareto-optimal points and discards some; LP curve is theoretical; interconnect not explored. REVIEWER: 'mapped' system points are still sums of individually synthesized components plus TMG throughput; the integrated accelerator is never synthesized/implemented, so the 13% is a planning error, not a composition error. 'As complete as exhaustive search' refers only to per-component invocation counts; no system-level exhaustive search is run. Single ASIC case study, no layout, no variance.",S97 S98 S99 S72 S04,PARTIAL OVERLAP,This paper does not report: measured interactions; lifecycle/configuration cost; physical implementation in the loop; multi-benchmark transfer; decision/Pareto stability; energy/power; CPU-FPGA interaction. Not a novelty claim.,LITERATURE_REPORTED,PEER_REVIEWED,REVIEWED_FULL_TEXT,arxiv,https://arxiv.org/pdf/1912.10823,,PDF full text (2026-09-25) + web identity check,NOT_REPORTED,"Added 2026-09-25 from the web-search literature update (HOLD until full-text review). Identity: VERIFIED_WEB. | 2026-09-25 full-text review: CORE. IDENTITY: Read the arXiv version (1912.10823); its header 'Article 1 (December 2017)' is a placeholder. Presented at CODES+ISSS 2017, ESWEEK-TECS special issue. Matches the registry."
RW0064,CompSLD12,Compositional System-Level Design Exploration with Planning of High-Level Synthesis,"Liu, Hung-Yi; Petracca, Michele; Carloni, Luca P.",2012,"DATE 2012, pp. 641-646 (Best Paper Award)",10.1109/DATE.2012.6176550,http://www.cs.columbia.edu/~luca/research/liu_DATE12.pdf,related_work/papers/core/RW0064_Liu2012_CompSLD12_DATE_accepted.pdf,7f38e096eab05949815e7656b5880ed888928e31c1f70c717e965dbe44444cd3,DOWNLOADED_OPEN_ACCESS,PDF_AVAILABLE,local_only (gitignored),NOT_CHECKED,VERIFIED_FULL_TEXT,CORE,"Jointly selects knob-settings of 14 HLS components of an MPEG2 encoder under a system throughput constraint while minimizing HLS oracle queries: boundary (a), also relevant to budgeted evidence selection. Origin of the compositional TMG/LP formulation reused by COSMOS; its component dominance pruning is exactly the local-Pareto pruning S97 tests. (full-text review)",core,concurrent_multikernel;hls_dse,Build a system area-vs-throughput Pareto front with consecutive points within ratio delta while querying the HLS oracle on individual components as few times as possible.,"Component knob-setting trade-off library (clock sweep extremes per knob-setting); component design-space pruning by dominance per atomic lambda interval (Alg. 1, segment tree); convex piecewise-linear f_i fits; system LP min sum f_i(tau_i) s.t. A*sigma + M0/theta >= tau swept by (1+delta), plus an alpha-constrained LP to fill gaps; HLS queries issued after planning (parallelizable). COMPOSITION OPERATOR: system cost = SUM of component areas; throughput = 1 / TMG cycle time.",MPEG2 encoder in SystemC (22 components; 14 in the strongly connected TMG; ~10.9 knob-settings per component).,Industrial 45 nm ASIC library.,"Area, effective latency/throughput, area mismatch between LP approximation and 'oracle result' point, oracle queries, sequential HLS runtime.","LITERATURE_REPORTED: dominance pruning keeps 2.8 of 10.9 knob-settings per interval (74% of invocations pruned). delta = 0.2: 19 system points, average area mismatch 1%, max 7%; 57 vs 266 queries (4.7x); 35 h vs 124 h (3.5x). delta = 0.15 / 0.1: max mismatch 10% / 11%; 5.3x / 6.4x query efficiency; 4.1x / 5.0x runtime.","AUTHOR-STATED: cost functions assumed convex; accuracy depends on segment count. REVIEWER: the 'oracle result' system point is itself composed (summed HLS areas + TMG throughput); no integrated system is synthesized, so mismatch measures fitting error, not composition error. Dominance pruning is lossless only if cost is additive/monotone and components do not interact; assumed, not tested. Single benchmark, ASIC, HLS fidelity.",S97 S99 S72 S04,PARTIAL OVERLAP,This paper does not report: measured interactions; lifecycle/configuration cost; physical implementation in the loop; decision/Pareto stability; energy/power; CPU-FPGA interaction. Not a novelty claim.,LITERATURE_REPORTED,PEER_REVIEWED,REVIEWED_FULL_TEXT,accepted,http://www.cs.columbia.edu/~luca/research/liu_DATE12.pdf,,PDF full text (2026-09-25) + web identity check,NOT_REPORTED,"Added 2026-09-25 from the web-search literature update (HOLD until full-text review). Identity: VERIFIED_WEB. | 2026-09-25 full-text review: CORE. IDENTITY: none (Hung-Yi Liu, Michele Petracca, Luca P. Carloni; DATE 2012, pp. 641-646)."
RW0065,PGDSE,Efficient System-Level Design Space Exploration for High-Level Synthesis Using Pareto-Optimal Subspace Pruning,"Liao, Yuchao; Adegbija, Tosiron; Lysecky, Roman",2023,"ASP-DAC 2023, pp. 567-572",10.1145/3566097.3567841,https://doi.org/10.1145/3566097.3567841,related_work/papers/core/RW0065_Liao2023_PGDSE_ASPDAC.pdf,7febed14089e4a59246d0ff0ac0a2b03c2c16b584b2d56403d2283b5ec35a6a4,DOWNLOADED_OPEN_ACCESS,PDF_AVAILABLE,local_only (gitignored),NOT_CHECKED,VERIFIED_FULL_TEXT_CORRECTED,CORE,"Jointly selects alternatives for dozens of HLS multicycle computations across up to 10 components under shared timing and frequency constraints: boundary (a). Its PSP step is a local per-MCC Pareto pruning claimed not to remove the best system configurations, evaluated only by recombining pre-characterized per-MCC data, never by implementing systems jointly. (full-text review)",core,concurrent_multikernel;hls_dse,"Post-HLS system-level DSE for timing-constrained multi-component, multi-MCC embedded systems (spaces up to 1e104).","Periodic State Machines containing MCCs with HLS alternatives. PSP (Alg. 1): per global frequency combination, assign valid frequencies, scale energy, prune each MCC to its (E, A) Pareto set. PEGA (Alg. 2): parallel GA with Pareto elitism per frequency combination. COMPOSITION OPERATOR: not formally stated; implicit aggregation of per-MCC energy/area (consistent with a sum); timing enforced per PSM period.","ADAS subsystem (10 PSMs, 52 MCCs, 244 alternatives; 7.12e66 configurations) and three synthetic systems recombining a database of HLS/Vivado MCC records (2.61e11, 1.71e49, 1.49e104).",Xilinx Artix-7 (source of per-MCC data); exploration in C++ on a 44-core host.,"Design-space size before/after pruning, system energy and area, ADRS vs reference set, runtime.","LITERATURE_REPORTED: PSP reduces spaces by 2.72e9x (Synth1, to 96 configurations), 4.43e37x, 1.51e80x, 1.68e49x (ADAS). On Synth1 pruned search reproduces the exhaustive front (ADRS 0) vs 0.29% for the prior GA. Average ADRS improvement over the prior GA 40.2x / 58.1x / 66.2x (unpruned / serial / parallel); parallel version cuts runtime 82.6%.","AUTHOR-STATED: homogeneous PSM-level timing only; subsystem interactions left to future work. REVIEWER: 'no loss from pruning' verified only on Synth1 (27 alternatives); Synth2 reference is circular (exhaustive over the already pruned space); Synth3/ADAS references are GA runs; systems are recombinations of per-MCC records, never jointly synthesized or implemented; composition operator and per-MCC fidelity unstated; energy model not validated on hardware.",S97 S72 S04,PARTIAL OVERLAP,This paper does not report: measured interactions; adaptive evidence acquisition; cost/fidelity modeling; lifecycle/configuration cost; physical implementation in the loop; decision/Pareto stability; CPU-FPGA interaction; memory/data movement. Not a novelty claim.,LITERATURE_REPORTED,PEER_REVIEWED,REVIEWED_FULL_TEXT,published (University of Arizona repository copy),https://repository.arizona.edu/handle/10150/674670,,PDF full text (2026-09-25) + web identity check,NOT_REPORTED,"Added 2026-09-25 from the web-search literature update (HOLD until full-text review). Identity: VERIFIED_WEB. | 2026-09-25 full-text review: CORE. IDENTITY: Correct: ASP-DAC '23, pp. 567-572, DOI 10.1145/3566097.3567841. The Arizona repository cover sheet cites a different paper (GLSVLSI 2024) and lists IEEE as publisher; ignore those cover-sheet fields."
RW0066,MISO,Multi-Information Source Optimization,"Poloczek, Matthias; Wang, Jialei; Frazier, Peter I.",2017,NeurIPS 2017,,https://arxiv.org/abs/1603.00389,related_work/papers/bo_mobo/RW0066_Poloczek2017_MISO_NeurIPS_arxiv.pdf,e6c593a32b4effafb10483c1227b68c42a68765388907b4ff4b102bfb41c063f,DOWNLOADED_OPEN_ACCESS,PDF_AVAILABLE,local_only (gitignored),NOT_CHECKED,VERIFIED_FULL_TEXT_CORRECTED,SUPPORTING,"No HLS/FPGA work, so not CORE. Supplies the model and acquisition S99 would build on: one GP over (source, x) with f(l,x) = f(0,x) + delta_l(x) and a cost-normalized knowledge gradient choosing both design and information source. The additive discrepancy lines up with the S98 residual if joint evaluation is IS0 (truth) and composed-local a biased source. (full-text review)",bo_mobo,multifidelity,Maximize an expensive black box g(x) when cheaper information sources are biased by a domain-varying model discrepancy (not only noise) and need not form a fidelity hierarchy.,"misoKG. One GP prior over [M]_0 x D with f(l,x) = f(0,x) + delta_l(x), delta_l ~ GP(0, Sigma_l) independent, delta_0 = 0; Sigma((l,x),(m,x')) = Sigma_0(x,x') + 1_{l=m} Sigma_l(x,x'). Acquisition (Eq. 1): CKG(l,x) = E[(max mu^{n+1}(0,.) - max mu^n(0,.)) / c_l(x)], computed via the Frazier 2009 h function over a discrete Latin-hypercube set, maximized by multi-start gradient ascent over (l,x). Cost c_l(x) and noise lambda_l(x) assumed known/differentiable. Hyperparameters by MAP on difference data. One scalar output per query; no constraints, no failure handling, single objective.",2-D Rosenbrock with an oscillatory biased source; MNIST logistic-regression hyperparameters with USPS as cheap source; 8-D assemble-to-order inventory with 3 sources.,NOT_APPLICABLE,Gain over best initial solution vs log total cost; test error vs log total cost; mean +/- 2 SE over at least 100 runs.,"LITERATURE_REPORTED: ATO (Fig. 3; source costs 17.1/0.5/3.9): misoKG average gain 26.1 at average query cost 54.6, 6.3% of the query cost misoEI needs for a comparable score. MNIST/USPS (Fig. 2): ~7.1% test error after ~80 queries; MTBO+ worse at equal cost late. Rosenbrock (IS0 cost 1000 vs IS1 cost 1): near-optimal within 5-10 samples using only the cheap source.","AUTHOR-STATED: inner maximization discretized; O(M|A|^2 log|A|) outer discretization; cost/noise must be known or estimated. REVIEWER: myopic one-step, single scalar objective, unconstrained, independent discrepancies, no failed evaluations, one output per query, only synthetic/ML benchmarks; reviewed text is arXiv v2 (Nov 2016), not the NeurIPS camera-ready.",S99 S98,METHOD FOUNDATIONAL,This paper does not report: joint (multi-kernel/component) evaluation; measured interactions; lifecycle/configuration cost; multi-benchmark transfer; decision/Pareto stability; energy/power. Not a novelty claim.,LITERATURE_REPORTED,PEER_REVIEWED,REVIEWED_FULL_TEXT,"arxiv (v2, Nov 2016)",https://arxiv.org/pdf/1603.00389,,PDF full text (2026-09-25) + web identity check,NOT_REPORTED,"Added 2026-09-25 from the web-search literature update (HOLD until full-text review). Identity: VERIFIED_WEB. | 2026-09-25 full-text review: SUPPORTING. IDENTITY: Reviewed text is arXiv:1603.00389v2 (15 Nov 2016), not the NeurIPS 2017 proceedings version; numbers may differ from the camera-ready."
RW0067,MISCBO,Multi-information source constrained Bayesian optimization,"Ghoreishi, Seyede Fatemeh; Allaire, Douglas (authors to verify)",2019,Structural and Multidisciplinary Optimization (Springer),10.1007/s00158-018-2115-z,https://link.springer.com/article/10.1007/s00158-018-2115-z,,,METADATA_ONLY,LEGITIMATE_OPEN_COPY_NOT_FOUND (web search 2026-09-25; Springer only),metadata_only,NOT_CHECKED,PARTIAL (title/venue/DOI verified; authors not verified),HOLD,Constrained BO with multiple information sources: feasibility learned from sources of different fidelity. Template for fusing local and joint feasibility evidence. Abstract-only review (web search).,bo_mobo,multifidelity,Constrained design optimization with multiple information sources of different cost/fidelity.,NOT_REPORTED (title/link only; abstract not retrieved).,NOT_REPORTED,NOT_APPLICABLE,NOT_REPORTED,NOT_REPORTED (abstract not retrieved).,NOT_REPORTED (abstract only).,S99 S14,UNRESOLVED,NOT REVIEWED (full text not reviewed); dimensions from abstract: none YES,LITERATURE_REPORTED,PEER_REVIEWED,REVIEWED_ABSTRACT_ONLY,,,,"Web search 2026-09-25 (Consensus, Exa, Firecrawl research index, WebSearch); abstract/highlights only",NOT_REPORTED,Added 2026-09-25 from the web-search literature update (HOLD until full-text review). Identity: PARTIAL (title/venue/DOI verified; authors not verified).
RW0068,CBOMIS,Constrained Bayesian Optimisation with Multiple Information Sources,"Maathuis, Hauke; De Breuker, Roeland; Castro, Saullo; Osborne, Maike",2026,arXiv 2607.00865,,https://arxiv.org/abs/2607.00865,related_work/papers/bo_mobo/RW0068_Maathuis2026_CBOMIS_arXiv.pdf,39f564f4f240b915b383f24f2df0fd3b2249f0d39b1f8ad9b470d6b646449b00,DOWNLOADED_OPEN_ACCESS,PDF_AVAILABLE,local_only (gitignored),NOT_CHECKED,VERIFIED_FULL_TEXT,SUPPORTING,"No HLS work, but a constrained, cost-normalized multi-source acquisition targeting the best feasible target-source value, assuming each query returns objective and all constraints together (as an HLS/Vivado run does). Its correlation-based variance inflation that down-weights weakly correlated sources is a candidate feasibility mechanism for S99 when local and joint evidence disagree. (full-text review)",bo_mobo,multifidelity,Constrained BO with small/hard-to-find feasible regions when cheaper biased auxiliary sources exist for the objective and every constraint.,"MS-CMES. MISO additive GP per output, u^(l) = u^(L) + Delta^(l), Matern-5/2 with masked discrepancy kernels, nested DOE. Acquisition (Eqs. 8/21): argmax alpha_n(x,l) / lambda(x,l) in a TuRBO-style trust region, alpha ~ -(1/K) sum log Pr(u^(l) in F), F = (-inf, f*_k] x (-inf, 0]^g, Pr = Phi((f* - mu_f)/sigma~_f) * prod Phi(-mu_ci/sigma~_ci); f*_k by Thompson sampling at the target (K = 32). Source bias via sigma~^(l) = sigma^(L) (1 - rho^2 Psi(gamma)), rho = sigma_L / (sigma_L + sigma_Delta). Cost lambda = 1 + (l/1e5) c_l. Feasibility judged at the target source; minimum-violation fallback when nothing is feasible.","Pressure Vessel (d=4, g=4); BBOB-constrained Different Powers, Rastrigin, Rotated Rastrigin (d=40, g=9); Rosenbrock (d=100, g=2); auxiliary sources are synthetic oscillatory distortions.",NOT_APPLICABLE (Intel Xeon Gold 5218 CPU cluster).,Best feasible target objective vs cumulative cost (10 seeds); normalized RMSE for model comparison.,"LITERATURE_REPORTED (curves only): on d=40, g=9 problems (Fig. 4) CMFBO, CMES-IBO+, VBO and random search never find a feasible sample within ~2e5 cost (~200 target evaluations) while MS-CMES finds feasible points right after the initial design; on Rosenbrock d=100 MS-CMES clearly beats VBO and CMES-IBO+; Pressure Vessel similar across methods. MISO model robust at weak/zero correlation where KOH degrades (Fig. 3).","AUTHOR-STATED: objective and constraints evaluated together; auxiliary sources assumed for every output; depends on user cost function. REVIEWER: single objective; synthetic auxiliary sources; CMFBO baseline needed c_L = 0 (possibly unfair); 10 seeds, figures only; Eq. 1 min vs Eq. 9 max inconsistency; code placeholder; unreviewed 2026 preprint; heuristic cost scaling.",S99 S98,METHOD FOUNDATIONAL,This paper does not report: joint (multi-kernel/component) evaluation; measured interactions; lifecycle/configuration cost; multi-benchmark transfer; decision/Pareto stability; energy/power. Not a novelty claim.,LITERATURE_REPORTED,PREPRINT,REVIEWED_FULL_TEXT,arxiv v1,https://arxiv.org/pdf/2607.00865,,PDF full text (2026-09-25) + web identity check,NOT_REPORTED (placeholder github.com/released/upon/acceptance),"Added 2026-09-25 from the web-search literature update (HOLD until full-text review). Identity: VERIFIED_WEB. | 2026-09-25 full-text review: SUPPORTING. IDENTITY: none (arXiv:2607.00865v1, 1 Jul 2026; Maathuis, De Breuker, Castro (TU Delft), Osborne (Oxford))."
RW0069,CMFBO,Constrained multi-fidelity Bayesian optimization with automatic stop condition,"Zanjani Foumani, Zahra; Bostanabad, Ramin",2025,arXiv 2503.01126,,https://arxiv.org/abs/2503.01126,related_work/papers/bo_mobo/RW0069_ZanjaniFoumani2025_CMFBO_arXiv.pdf,9a6ef133260d849998c1880454996953639bd27684e39e6593edc1bc0f48d55c,DOWNLOADED_OPEN_ACCESS,PDF_AVAILABLE,local_only (gitignored),NOT_CHECKED,VERIFIED_FULL_TEXT,SUPPORTING,"No HLS work; a constrained multi-fidelity BO whose source-specific constraints mirror HLS-estimate vs post-route resource feasibility, plus a posterior-optimum stability stop rule. Candidate component or weak baseline for S99 (stopping when the decision no longer changes) and S72; validated only on analytic functions and judges feasibility on posterior means only. (full-text review)",bo_mobo,multifidelity,"Cost-aware constrained multi-fidelity BO with unknown constraints that may vary across sources, plus a systematic stopping criterion.","CMFBO with the GP+ latent-map emulator (source as categorical latent input, source-dependent nugget, interval-score regularized MLE). LF acquisition = exploration part of EI; HF acquisition = mean improvement; constraints via posterior means only (-sum of constraint means when violated); divided by source cost. Stop when the variance of the normalized posterior-optimum over the last 10 iterations falls below a threshold.","Analytic: Branin-Hoo 3D, Hartman 6D, Wing 10D, WingSep 10D, PolyMix 20D.",NOT_APPLICABLE,"Convergence value vs ground truth (10 repetitions), sampling cost, samples per source.","LITERATURE_REPORTED: lowest sampling cost on all 5 analytic benchmarks under both noise levels (Figs. 3-4); qEI never reaches ground truth on 6D-20D; on PolyMix 20D TuRBO errors ~9-30%, CSFBO ~4-19%.",AUTHOR-STATED: sensitive to initial data and dimensionality; user-set stop threshold. REVIEWER: feasibility on posterior means only; no HF exploration; sums all constraint means; no multi-fidelity baselines; analytic only; single objective; stop rule without guarantee; fails in RW0068's benchmarks.,S99 S72,RELEVANT BUT DIFFERENT,This paper does not report: joint (multi-kernel/component) evaluation; measured interactions; lifecycle/configuration cost; multi-benchmark transfer; energy/power. Not a novelty claim.,LITERATURE_REPORTED,PREPRINT,REVIEWED_FULL_TEXT,arxiv v2,https://arxiv.org/pdf/2503.01126,,PDF full text (2026-09-25) + web identity check,https://github.com/Bostanabad-Research-Group/GP-Plus,"Added 2026-09-25 from the web-search literature update (HOLD until full-text review). Identity: VERIFIED_WEB. | 2026-09-25 full-text review: SUPPORTING. IDENTITY: none (arXiv:2503.01126v2, 21 Mar 2025, UC Irvine). Family name is 'Zanjani Foumani'."
RW0070,Fovea,Fovea: Physical-Implication-Aware Wafer-Scale DSE with Decision-Domain-Guided Cross-Fidelity Refinement,"Li, Jinxi; Wang, Huizheng; Deng, Jinyi; Hu, Yang; Yin, Shouyi",2026,arXiv 2608.03285,,https://arxiv.org/abs/2608.03285,related_work/papers/multifidelity/RW0070_Li2026_Fovea_arXiv.pdf,30a7de2bcdf60e3bbf151abc7d5e1087539d66b1af07fd178fdcefb0d3d9b065,DOWNLOADED_OPEN_ACCESS,PDF_AVAILABLE,local_only (gitignored),NOT_CHECKED,VERIFIED_FULL_TEXT,SUPPORTING,"Hardware DSE (wafer-scale LLM-training systems), not HLS/FPGA, so not CORE, but the closest conceptual precedent for S99's principle that expensive evidence is bought only when it can change a decision: a measured cheap-to-reference disagreement bound defines a Decision Domain that provably contains the reference optimum when the bound is valid, validated against exhaustive reference results as S97/S04 would do. (full-text review)",multifidelity,bo_mobo,"Workload-specific wafer-scale architecture selection where a cheap analytical evaluator shows ranking inversions against a ~4000x costlier reference, making a fixed top-k shortlist unreliable.","Stage I: physical-implication-aware space formulation (reticle, tiling, area budget, D2D capability, die-edge placement) plus exact local reductions. Stage II: e(d) = |P_L(d)/P_R(d) - 1|, eps = max e(d); under a valid bound P_L/(1+eps) <= P_R <= P_L/(1-eps); cutoff R(eps) = ((1-eps)/(1+eps)) P_L(d*_L); Decision Domain C(eps) = {d : P_L(d) >= R(eps)}. Guarantee (Eq. 11): if eps bounds the disagreement over all of D, every reference optimum lies in C(eps) — deterministic but conditional; no probabilistic guarantee for the estimated eps. Practice: evaluate the full space analytically, reference-evaluate a uniform 10% sample, eps_hat = max over the sample, reference-evaluate C(eps_hat). One-shot, single scalar objective.","10 reference-verifiable design spaces (179-5,655 candidates) x 7 LLM-training workloads = 70 pairs; construction sweep up to 46,782 candidates.",Modelled wafer-scale chips (no silicon); single Intel i7-6850K server.,Exact recovery of the exhaustive-reference optimum; normalized performance; Decision-Domain fraction; reference fraction; speedup; Spearman rho; inversion rate; top-k recall.,"LITERATURE_REPORTED: Table V: exact optimum recovered in 1400/1400 runs (worst normalized 1.000) vs Polaris 84.86%, Theseus 25.50%, SA 24.14%, exhaustive analytical 7.14%. Table IV: Decision Domain averages 13.58% of D (max 50.37%); total reference fraction 20.42%. Fig. 9: 24.21% of exhaustive runtime (4.13x average, 7.80x max speedup). Analytical 2.49 s/design vs reference 2.78 h/design; Spearman 0.7752; inversion rate 20.96%; top-10% recall 64.94%; largest eps underestimate 1.47 pp.",AUTHOR-STATED: homogeneous repeated-die scope; simulator reference; eps_hat may underestimate eps; containment conditional on a valid bound. REVIEWER: full space must be evaluated cheaply (<~5.6k); single scalar objective (ratio bound does not extend directly to Pareto fronts); worst-case max bound is conservative; 10% rate tuned on the same family of spaces; baselines not budget-matched; no code.,S99 S98 S97 S04 S72,PARTIAL OVERLAP,This paper does not report: lifecycle/configuration cost; energy/power. Not a novelty claim.,LITERATURE_REPORTED,PREPRINT,REVIEWED_FULL_TEXT,arxiv v1,https://arxiv.org/pdf/2608.03285,,PDF full text (2026-09-25) + web identity check,NOT_REPORTED,"Added 2026-09-25 from the web-search literature update (HOLD until full-text review). Identity: VERIFIED_WEB. | 2026-09-25 full-text review: SUPPORTING. IDENTITY: none (arXiv:2608.03285v1, 4 Aug 2026; Jinxi Li, Huizheng Wang, Jinyi Deng, Yang Hu, Shouyi Yin, Tsinghua)."
RW0071,SoberDSE,SoberDSE: Sample-Efficient Design Space Exploration via Learning-Based Algorithm Selection,"Xu, Lei; Wang, Shanshan; Xiao, Chenglong",2026,DAC 2026 (accepted; arXiv 2603.00986),,https://arxiv.org/abs/2603.00986,related_work/papers/hls_dse/RW0071_Xu2026_SoberDSE_DAC_arxiv.pdf,a00e3815f6af518e66b453db1fefae65d703ab56d21bc7497e786c22e13b0416,DOWNLOADED_OPEN_ACCESS,PDF_AVAILABLE,local_only (gitignored),NOT_CHECKED,VERIFIED_FULL_TEXT_CORRECTED,SUPPORTING,"SoberDSE runs ten existing HLS DSE algorithms (seven heuristics and three RL methods) on the same single-kernel benchmarks, all scored with a GNN QoR predictor, then learns which algorithm to pick per benchmark. Direct empirical background for S72 (search-algorithm comparison). Not CORE: every benchmark is explored alone, no joint evaluation, no fidelity/evidence-source choice. (full-text review)",hls_dse,,No single HLS DSE algorithm is best on every benchmark (No-Free-Lunch); can the best DSE algorithm for a kernel be predicted from its code features?,"Ten DSE algorithms (NSGA-II, SA, ACO, PSO, Lattice-Traversing, HGBO-DSE, MOEDA, IRONMAN-PRO AC/PG, QL-MOEA) run on 20 training benchmarks; every configuration scored by a pre-trained ECoGNN QoR predictor (not HLS). Label = algorithm with lowest ADRS; ProGraML graphs embedded by ECoGNN; supervised MLP recommender initialises a PPO agent. ADRS reference set = 'average performance of the ten algorithms', not a ground-truth front.","Training: 20 MachSuite/PolyBench kernels (spaces 970 to 1.77e13). Inference: nw, stencil, atax-medium, bicg-medium, correlation, jacobi-2d, mvt, symm-opt, syrk.",States Xilinx Alveo U200 at 250 MHz (predictor target); no place-and-route or on-board measurement.,ADRS; recommendation accuracy; total DSE runtime (s) over 9 inference kernels; objectives latency and resources.,"LITERATURE_REPORTED: Table 3 average ADRS over 9 kernels: SoberDSE 0.0172, HGBO-DSE 0.0804, SA 0.0839, Lattice 0.0921, MOEDA 0.1026, PSO 0.1063, NSGA-II 0.1390, ACO 0.1509 (81.32% better than Lattice, 78.61% than HGBO-DSE). Fig. 5: 76.31% better than AC, 54.81% than PG, 75.29% than QL-MOEA. Fig. 4: +35.57% recommendation accuracy. Fig. 6 runtime: SoberDSE 862 s vs Lattice 412 s, SA 1742 s, PG 3538 s. 'No single algorithm dominates' rests on Fig. 1(b) (4 heuristics x 5 kernels) and per-kernel winners in Table 3.","AUTHOR-STATED: few real benchmarks; stochastic algorithms may be non-deterministic. REVIEWER: all ADRS on GNN-predicted QoR, not HLS/implementation; reference set built from the suite's own outputs; apparently single runs, no seeds/variance; SoberDSE (which only selects and runs a suite algorithm) beats every suite member by wide margins on several kernels, implying re-run variance comparable to between-algorithm gaps; budgets per algorithm NOT_REPORTED; headline numbers inconsistent (abstract 5.7x/4.2x vs 81.06%/68.80% vs Table 3); runtime excludes synthesis; only single-kernel designs.",S72 S04 S97,PARTIAL OVERLAP,This paper does not report: joint (multi-kernel/component) evaluation; measured interactions; staged evaluation; cost/fidelity modeling; lifecycle/configuration cost; physical implementation in the loop; decision/Pareto stability; energy/power; CPU-FPGA interaction; memory/data movement. Not a novelty claim.,LITERATURE_REPORTED,PREPRINT,REVIEWED_FULL_TEXT,arxiv v1 (accepted at DAC 2026),https://arxiv.org/pdf/2603.00986,,PDF full text (2026-09-25) + web identity check,https://anonymous.4open.science/r/Sober-4377,Added 2026-09-25 from the web-search literature update (HOLD until full-text review). Identity: VERIFIED_WEB. | 2026-09-25 full-text review: SUPPORTING. IDENTITY: Page footer: 'PREPRINT - Accepted for publication at the 2026 Design Automation Conference (DAC)'. Venue: DAC 2026 (accepted); arXiv 2603.00986v1.
RW0072,Prospector,Bayesian Optimization for Efficient Accelerator Synthesis,"Mehrabi, Atefeh; Manocha, Aninda; Lee, Benjamin C.; Sorin, Daniel J.",2020,"ACM TACO 18(1), Art. 4",10.1145/3427377,https://doi.org/10.1145/3427377,related_work/papers/hls_dse/RW0072_Mehrabi2020_Prospector_TACO_accepted.pdf,6aff13e1ee1d6b6a0e850b41589bc6836fa917bb6b110f6dbbc5c935c10f6673,DOWNLOADED_OPEN_ACCESS,PDF_AVAILABLE,local_only (gitignored),NOT_CHECKED,VERIFIED_FULL_TEXT,SUPPORTING,Single-kernel multi-objective Bayesian optimization (GP + PESMO) of HLS directives with each sample evaluated through HLS and place-and-route: methodological base for adaptive acquisition (S99) and a BO baseline for S72. No fidelity or local-vs-joint selection; its heterogeneous-accelerator case study composes kernel resources additively without jointly implementing the mixes. (full-text review),hls_dse,bo_mobo,Find Pareto-efficient HLS directive placements and configurations (latency vs FF/LUT/DSP/BRAM) with few expensive HLS + P&R evaluations.,Directive placement as per-directive bitmaps + configuration parameters; independent GPs per output; PESMO acquisition via Spearmint; failed synthesis assigned high latency; co-simulation failures discarded. Case study with gem5/PAAS + discrete-event simulator for an 8-core + integrated FPGA system; accelerator mixes fitted into FPGA budgets by summing per-accelerator synthesis-report resources (not jointly implemented).,"PolyBench fdtd-2d (6,561 points), 2mm (15,625), heat-3d (2,304); MachSuite fft (36,000), bbgemm (960), stencil-3d (960); every space exhaustively evaluated for the golden front.",Xilinx FPGA via Vivado (device NOT_REPORTED); simulated 8-core + integrated Zynq-like FPGA.,"Latency, FF, LUT, DSP, BRAM; normalized distance of golden-front points to the estimated front; resource increase at latency targets; case-study task throughput.",LITERATURE_REPORTED: Fig. 11: alternative methods' fronts are 1.74x farther from the golden 5D front than Prospector's on average. Table 4 (fdtd-2d): alternatives need 35% more resources at equal latency targets; Prospector-1D up to 191% more. Case study: heterogeneous mixes beat all-large/all-small by up to 24% (fdtd-2d) and 20% (heat-3d).,"AUTHOR-STATED: GA/SA have limited multi-objective support. REVIEWER: BO budget and number of seeds not given, no variance; independent per-output GPs; P&R noise not studied; small exhaustively enumerable spaces; heterogeneous mixes evaluated by simulation plus summed resources, never co-implemented.",S99 S72 S04,METHOD FOUNDATIONAL,This paper does not report: joint (multi-kernel/component) evaluation; measured interactions; staged evaluation; cost/fidelity modeling; multi-benchmark transfer; decision/Pareto stability; energy/power. Not a novelty claim.,LITERATURE_REPORTED,PEER_REVIEWED,REVIEWED_FULL_TEXT,accepted (author site),https://www.engineering.upenn.edu/~leebcc/documents/mehrabi20-taco.pdf,,PDF full text (2026-09-25) + web identity check,NOT_REPORTED (third-party Spearmint PESM branch),"Added 2026-09-25 from the web-search literature update (HOLD until full-text review). Identity: PARTIAL (DOI/authors verified; venue not verified). | 2026-09-25 full-text review: SUPPORTING. IDENTITY: none (Mehrabi, Manocha, Lee, Sorin; ACM TACO 18(1), Article 4, December 2020, DOI 10.1145/3427377; extension of the earlier Prospector conference paper)."
RW0073,KuangMOBO,Multi-objective Design Space Exploration for High-Level Synthesis via Bayesian Optimization,"Kuang, Huizhen; Wang, Lingli",2023,ISEDA 2023,10.1109/ISEDA59274.2023.10218665,https://doi.org/10.1109/iseda59274.2023.10218665,,,METADATA_ONLY,LEGITIMATE_OPEN_COPY_NOT_FOUND (web search 2026-09-25; IEEE Xplore; ResearchGate upload not used),metadata_only,NOT_CHECKED,VERIFIED_WEB,HOLD,MOTPE + EHVI BO for HLS PPA compared with SA and NSGA-II by ADRS; companion of RW0022 HGBO-DSE. Abstract-only review (web search).,hls_dse,bo_mobo,Multi-objective HLS DSE over PPA.,Multi-objective Tree-structured Parzen Estimator surrogate + Expected Hypervolume Improvement.,NOT_REPORTED in abstract,NOT_REPORTED,LPDA gain; ADRS,LITERATURE_REPORTED (abstract): LPDA gains 66.30% / 41.25% vs SA / NSGA-II; ADRS improvement 94.72% / 69.58%.,NOT_REPORTED (abstract only).,S72,PRIOR ART (candidate) for S72,NOT REVIEWED (full text not reviewed); dimensions from abstract: adaptive evidence acquisition,LITERATURE_REPORTED,PEER_REVIEWED,REVIEWED_ABSTRACT_ONLY,,,,"Web search 2026-09-25 (Consensus, Exa, Firecrawl research index, WebSearch); abstract/highlights only",NOT_REPORTED,Added 2026-09-25 from the web-search literature update (HOLD until full-text review). Identity: VERIFIED_WEB.
RW0074,Omega,Omega: A Hardware-Software Framework for Complete Design Space Exploration of FPGA-Based Heterogeneous Multi-Core SoCs,"Montanaro, Gabriele; Galimberti, Andrea; Zoni, Davide",2026,IEEE Transactions on Computers 75(2):435-447,10.1109/TC.2025.3624704,https://ieeexplore.ieee.org/document/11216106/,,,METADATA_ONLY,LEGITIMATE_OPEN_COPY_NOT_FOUND (web search 2026-09-25; publisher version only),metadata_only,NOT_CHECKED,VERIFIED_WEB,HOLD,"Exhaustive (complete) DSE of FPGA multi-core SoCs with accelerators for up to five applications, using dynamic partial reconfiguration to make on-board evaluation cheap; positioned as a golden model for heuristics. Methodological precedent for S04/S97 oracles. Abstract-only review (web search).",lifecycle_dfx,hls_dse,DSE of heterogeneous multi-core FPGA SoCs is too large for heuristic methods to guarantee optimality.,Exhaustive exploration accelerated by dynamic partial reconfiguration on commercial FPGA platforms; open-source ecosystem.,16-core SoCs with accelerators for up to five applications,Commercial FPGA platforms (details NOT_REPORTED in abstract),Optimality; DSE speedup,LITERATURE_REPORTED (abstract): 29x average DSE speedup vs traditional techniques while guaranteeing solution optimality.,NOT_REPORTED (abstract only).,S04 S97 S85,PARTIAL OVERLAP (candidate),NOT REVIEWED (full text not reviewed); dimensions from abstract: joint (multi-kernel/component) evaluation; physical implementation in the loop,LITERATURE_REPORTED,PEER_REVIEWED,REVIEWED_ABSTRACT_ONLY,,,,"Web search 2026-09-25 (Consensus, Exa, Firecrawl research index, WebSearch); abstract/highlights only",NOT_REPORTED,Added 2026-09-25 from the web-search literature update (HOLD until full-text review). Identity: VERIFIED_WEB.
RW0075,MemIntfHost,Analyzing Memory Interference of FPGA Accelerators on Multicore Hosts in Heterogeneous Reconfigurable SoCs,"Mattheeuws, Maxim; Forsberg, Björn; Kurth, Andreas; Benini, Luca",2021,"DATE 2021, pp. 1152-1155",,https://ieeexplore.ieee.org/document/9473925/,,,METADATA_ONLY,LEGITIMATE_OPEN_COPY_NOT_FOUND (web search 2026-09-25; publisher version only),metadata_only,NOT_CHECKED,VERIFIED_WEB,HOLD,Measured interference of FPGA accelerators on multicore hosts through shared main memory; extended roofline. Evidence that co-resident (joint) runtime behaviour differs from isolated (local) behaviour. Abstract-only review (web search).,concurrent_multikernel,energy_sustainability,Controlling shared-memory interference in reconfigurable heterogeneous SoCs for reliable performance.,Characterization methodology for accelerator-induced interference; roofline extended with performance degradation.,NOT_REPORTED in abstract,Xilinx UltraScale+ SoC (Cortex-A + Kintex-grade FPGA),Host slowdown vs operational intensity,LITERATURE_REPORTED (abstract): programs below 5 flop/byte can suffer slowdowns of up to an order of magnitude.,NOT_REPORTED (abstract only).,S100 S73,PARTIAL OVERLAP (candidate),NOT REVIEWED (full text not reviewed); dimensions from abstract: measured interactions; CPU-FPGA interaction; memory/data movement,LITERATURE_REPORTED,PEER_REVIEWED,REVIEWED_ABSTRACT_ONLY,,,,"Web search 2026-09-25 (Consensus, Exa, Firecrawl research index, WebSearch); abstract/highlights only",NOT_REPORTED,Added 2026-09-25 from the web-search literature update (HOLD until full-text review). Identity: VERIFIED_WEB.
RW0076,MemIntfHeSoC,Understanding and Mitigating Memory Interference in FPGA-based HeSoCs,"Brilli, Gianluca; Capotondi, Alessandro; Burgio, Paolo; Marongiu, Andrea",2022,"DATE 2022, pp. 1335-1340",10.23919/DATE54114.2022.9774768,https://ieeexplore.ieee.org/document/9774768/,,,METADATA_ONLY,LEGITIMATE_OPEN_COPY_NOT_FOUND (web search 2026-09-25; publisher version only),metadata_only,NOT_CHECKED,VERIFIED_WEB,HOLD,In-depth measurement of memory interference on two commercial FPGA SoCs and Controlled Memory Request Injection (CMRI). Abstract-only review (web search).,concurrent_multikernel,,Resource contention on shared interconnect / DRAM controller in FPGA-based SoCs affects program timing.,Interference analysis on two commercial FPGA SoCs; CMRI architectural support.,NOT_REPORTED in abstract,Two commercial FPGA SoCs,CPU slowdown; usable FPGA memory bandwidth,LITERATURE_REPORTED (abstract): interference slows CPU tasks by up to 16x; CMRI exploits >40% of FPGA-available bandwidth with slowdown below 10%.,NOT_REPORTED (abstract only).,S100 S73,PARTIAL OVERLAP (candidate),NOT REVIEWED (full text not reviewed); dimensions from abstract: measured interactions; CPU-FPGA interaction; memory/data movement,LITERATURE_REPORTED,PEER_REVIEWED,REVIEWED_ABSTRACT_ONLY,,,,"Web search 2026-09-25 (Consensus, Exa, Firecrawl research index, WebSearch); abstract/highlights only",NOT_REPORTED,Added 2026-09-25 from the web-search literature update (HOLD until full-text review). Identity: VERIFIED_WEB.
RW0077,AXIBound,Bounding Memory Access Times in Multi-Accelerator Architectures on FPGA SoCs,"Restuccia, Francesco; Pagani, Marco; Biondi, Alessandro; Marinoni, Mauro; Buttazzo, Giorgio",2023,IEEE Transactions on Computers 72(1):154-167,10.1109/TC.2022.3214117,https://ieeexplore.ieee.org/document/9917304/,,,METADATA_ONLY,LEGITIMATE_OPEN_COPY_NOT_FOUND (web search 2026-09-25; publisher version only),metadata_only,NOT_CHECKED,VERIFIED_WEB,HOLD,"Worst-case memory access time bounds for multiple HLS/HW accelerators sharing AXI interconnect, validated with real traces on Zynq-7000 and Zynq UltraScale+ (the project device family). Abstract-only review (web search).",concurrent_multikernel,,Unpredictable accelerator response time under AXI contention on FPGA SoCs.,Modeling and analysis of arbitrary AXI bus structures; schedulability analysis.,Real execution traces + simulation,Xilinx Zynq-7000 and Zynq UltraScale+,Worst-case memory access / response time,LITERATURE_REPORTED (abstract): bounds validated on real traces from Zynq-7000 and Zynq UltraScale+.,NOT_REPORTED (abstract only).,S100 S73 S49,PARTIAL OVERLAP (candidate),NOT REVIEWED (full text not reviewed); dimensions from abstract: joint (multi-kernel/component) evaluation; measured interactions; memory/data movement,LITERATURE_REPORTED,PEER_REVIEWED,REVIEWED_ABSTRACT_ONLY,,,,"Web search 2026-09-25 (Consensus, Exa, Firecrawl research index, WebSearch); abstract/highlights only",NOT_REPORTED,Added 2026-09-25 from the web-search literature update (HOLD until full-text review). Identity: VERIFIED_WEB.
RW0078,ZynqACP,Energy and performance exploration of accelerator coherency port using Xilinx ZYNQ,"Sadri, MohammadSadegh; Weis, Christian; Wehn, Norbert; Benini, Luca",2013,FPGAworld 2013,10.1145/2513683.2513688,https://dl.acm.org/doi/10.1145/2513683.2513688,,,METADATA_ONLY,"BROWSER_ONLY (ACM DL open PDF; scripted download refused by a browser challenge, 2026-09-25)",metadata_only,NOT_CHECKED,VERIFIED_WEB,HOLD,"ACP vs HP memory sharing on XC7Z020 (the project device): measured bandwidth and energy, effect of background DRAM/cache traffic. Abstract-only review (web search).",concurrent_multikernel,energy_sustainability,Performance and energy of processor-accelerator memory sharing schemes on Zynq.,Infrastructure stressing ACP and HP AXI interfaces; image-filtering case study.,Image filtering task,XC7Z020-1 (Zynq-7000),Bandwidth; speedup; energy per byte,LITERATURE_REPORTED (highlights): >1.6 GB/s full-duplex on HP and ACP at 125 MHz on XC7Z020-1; CPU-ACP 1.2x faster than CPU-HP; >20% (2.5 nJ/byte) energy improvement.,NOT_REPORTED (abstract only).,S100 S73 S84,RELEVANT BUT DIFFERENT (candidate),NOT REVIEWED (full text not reviewed); dimensions from abstract: measured interactions; energy/power; CPU-FPGA interaction; memory/data movement,LITERATURE_REPORTED,PEER_REVIEWED,REVIEWED_ABSTRACT_ONLY,,,,"Web search 2026-09-25 (Consensus, Exa, Firecrawl research index, WebSearch); abstract/highlights only",NOT_REPORTED,Added 2026-09-25 from the web-search literature update (HOLD until full-text review). Identity: VERIFIED_WEB.
RW0079,ZyCAP,ZyCAP: Efficient Partial Reconfiguration Management on the Xilinx Zynq,"Vipin, Kizheppatt; Fahmy, Suhaib A.",2014,IEEE Embedded Systems Letters 6(3):41-44,10.1109/LES.2014.2314390,https://doi.org/10.1109/LES.2014.2314390,related_work/papers/lifecycle_dfx/RW0079_Vipin2014_ZyCAP_ESL_accepted.pdf,2fe34e14a04decc4a549503e815bc30639ca763d682f401c0cf28daae6481cad,DOWNLOADED_OPEN_ACCESS,PDF_AVAILABLE,local_only (gitignored),NOT_CHECKED,VERIFIED_FULL_TEXT_CORRECTED,SUPPORTING,"Measured partial-reconfiguration throughputs (PCAP, AXI HWICAP with/without DMA, custom ICAP-DMA controller) and bitstream sizes on ZedBoard (Zynq-7020 class): the configuration-cost evidence S85/S86 need, on the platform S100 targets. Not a DSE paper; no joint evaluation or evidence selection. (full-text review)",lifecycle_dfx,,"Zynq partial-reconfiguration management either blocks the ARM processor (PCAP, AXI HWICAP) or gives low throughput; can a PL-side controller + driver reach near-peak ICAP throughput and overlap reconfiguration with software?","ZyCAP: soft DMA + ICAP manager + ICAP primitive, configured over AXI-Lite (GP), streaming bitstreams from DRAM over AXI4 bursts (HP), interrupt on completion; standalone driver with prefetch and an LRU DRAM bitstream cache. Compared with PCAP (XDcfg), AXI HWICAP and AXI HWICAP + PS DMA. Case study: image pipeline reconfiguring one PRR twice per iteration.","Reconfiguration throughput microbenchmark (Table I); edge-detection pipeline, frame sizes 32 to 4096 pixels (Fig. 5).","ZedBoard (XC7Z020 inferred from board and the 4,045,564-byte full bitstream); PRR 2300 CLBs, 60 DSPs, 50 BRAMs; PL at 100 MHz; ICAP 32-bit at 100 MHz (400 MB/s theoretical).",Reconfiguration throughput (MB/s); PL resources; application throughput; timing-model parameters (Table II).,"LITERATURE_REPORTED: Table I: PCAP 128 MB/s (0 PL resources); AXI HWICAP 19 MB/s; AXI HWICAP + DMA 67 MB/s; ZyCAP 382 MB/s (806 FF, 620 LUT; 95.5% of 400 MB/s peak), i.e. 20x/5.7x/2.98x faster. Partial bitstream 1,018,080 B vs full Zynq bitstream 4,045,564 B; DRAM-to-PRR DMA 382 MB/s; processor-DRAM 128 MB/s; peripheral access latency 140 ns; DMA setup 1.12 us. Table II: Tconfig = 0.970/T s (T in MB/s). Reviewer-derived: partial reconfiguration ~2.5 ms (ZyCAP), ~7.6 ms (PCAP), ~14.5 ms (DMA-HWICAP), ~51 ms (HWICAP); full 4.05 MB over PCAP ~32 ms (not measured in the paper). Fig. 5 at 512x512: 11.35x/3.28x/2.96x application throughput over HWICAP/DMA-HWICAP/PCAP.","AUTHOR-STATED: standalone OS only; gap to peak from DMA setup, DRAM latency and interrupt sync. REVIEWER: single point measurements without variance; SD-card-to-DRAM load not quantified; full-bitstream time not measured; 2013-era ISE tools (Vivado/Linux FPGA Manager path may differ); one PRR size; no energy; PR-DMA vs accelerator-DMA contention not measured.",S85 S86 S100,METHOD FOUNDATIONAL,This paper does not report: joint (multi-kernel/component) evaluation; measured interactions; staged evaluation; adaptive evidence acquisition; multi-benchmark transfer; decision/Pareto stability; energy/power. Not a novelty claim.,LITERATURE_REPORTED,PEER_REVIEWED,REVIEWED_FULL_TEXT,accepted (Warwick WRAP repository copy),https://wrap.warwick.ac.uk/86739/7/WRAP_esl2013.pdf,,PDF full text (2026-09-25) + web identity check,https://github.com/archntu/zycap,"Added 2026-09-25 from the web-search literature update (HOLD until full-text review). Identity: VERIFIED_WEB. | 2026-09-25 full-text review: SUPPORTING. IDENTITY: File is the Warwick WRAP repository copy (wrap.warwick.ac.uk/86739); version of record IEEE ESL 6(3):41-44, 2014. Paper names ZedBoard, not the part; xc7z020 inferred."
RW0080,FADO2,FADO: Floorplan-Aware Directive Optimization Based on Synthesis and Analytical Models for High-Level Synthesis Designs on Multi-Die FPGAs,"Du, Linfeng; Liang, Tingyuan; Zhou, Xiaofeng; Ge, Jinming; Li, Shangkun; Sinha, Sharad; Zhao, Jieru; Xie, Zhiyao; Zhang, Wei",2024,ACM TRETS,10.1145/3653458,https://doi.org/10.1145/3653458,related_work/papers/core/RW0080_Du2024_FADO2_TRETS_accepted.pdf,1b11908a72617845f923a0a62e183a64c93e0652430f59b63a46ade6efc63107,DOWNLOADED_OPEN_ACCESS,PDF_AVAILABLE,local_only (gitignored),NOT_CHECKED,VERIFIED_FULL_TEXT_CORRECTED,CORE,"Co-optimizes HLS directives of 175-350 functions from multiple co-resident dataflow and non-dataflow kernels under shared per-slot resource and die-crossing constraints on one FPGA and implements the final designs: boundary (a). Its evidence shows composed per-function QoR does not guarantee implementability or timing (slot caps tightened; placement/routing failures in Table 6), but it never quantifies the joint-vs-composed residual or reasons about which evidence to buy. (full-text review)",core,physical;concurrent_multikernel,"Co-optimize HLS directives and SLR-level floorplans for large designs on multi-die FPGAs to minimize execution time (cycles / Fmax) under per-slot resource, RAM-grouping and SLL constraints without repeated global ILP floorplanning.","Multi-choice multi-dimensional bin-packing formulation. FADO 1.0: per-function QoR library from HLS reports of sampled configurations, latency-bottleneck-guided greedy search, incremental floorplanning (online worst-fit, offline best-fit-decreasing, look-ahead/look-back), incremental pipelining of die-crossing wires. FADO 2.0: calibrated COMBA-based analytical QoR model on LLVM IR, loop-tree-ordered directive search, BRAM/URAM/LUTRAM balancing. Final directives re-synthesized and implemented with AutoBridge floorplans. COMPOSITION OPERATOR: design latency = SUM over kernels along the longest path, dataflow kernel = MAX of sub-function latencies (Eq. 2); per-slot resource = SUM of per-function resources (Eq. 5); utilization = MAX normalized ratio.","Six mixed benchmarks with 175-350 functions (CNN*2+2MM*1, MM*1+COV*2, MTTKRP*2+HEAT*2, MM*2+2MM*2, CNN*3+COV*2, MTTKRP*2+COV*2) from PolySA/AutoSA and PolyBench; ~1000 random configurations for model rank validation.",AMD/Xilinx Alveo U250 lower half (4 slots).,"Max utilization ratio, DSE runtime, latency (kilo-cycles), post-implementation Fmax, execution time = cycles/Fmax, model speedup, Spearman/Kendall rank correlation.","LITERATURE_REPORTED: FADO 1.0: 693x-4925x search speedup, 1.16x-8.78x better execution time than the best synthesis-based baseline, 33.12% lower latency, average Fmax 290.96 MHz. FADO 2.0: 2.66x better execution time than iterative analytical DO + AutoBridge, 1.40x over FADO 1.0 on average (excluding a 19.83x outlier), 9.18% higher Fmax (Table 6). Analytical model 231.84x/208.80x faster than Vitis HLS; latency rank Spearman 0.9137, Kendall 0.7732. Table 6 records implementation failures for several floorplan-unaware or ILP-floorplan configurations; Sec. 6.1: a 70% slot limit still caused placement/routing failures, tightened to 65% (FADO 1.0); FADO 2.0 used 80% because model LUTs are over-predicted.","AUTHOR-STATED: FADO 1.0 sampling can prune effective configurations; 2-cycle latency errors can reverse search order; LUT over-prediction; FF dropped from constraints; Fmax varies with non-deterministic implementation; oversized design points break the offline stage. REVIEWER: additive/max composition with a heuristic slot cap standing in for congestion/timing; composed per-function predictions never compared quantitatively with whole-design post-route results; one implementation run per method, so ~9% Fmax differences are within unquantified noise; multi-die U250 differs from small single-die devices.",S97 S98 S81 S72,PARTIAL OVERLAP,This paper does not report: adaptive evidence acquisition; lifecycle/configuration cost; decision/Pareto stability; energy/power; CPU-FPGA interaction. Not a novelty claim.,LITERATURE_REPORTED,PEER_REVIEWED,REVIEWED_FULL_TEXT,accepted (author site),https://zhiyaoxie.com/files/TRETS24_FADO.pdf,,PDF full text (2026-09-25) + web identity check,https://github.com/RipperJ/FADO,"Added 2026-09-25 from the web-search literature update (HOLD until full-text review). Identity: PARTIAL (DOI/title verified; authors not verified). | 2026-09-25 full-text review: CORE. IDENTITY: Full title 'FADO: Floorplan-Aware Directive Optimization Based on Synthesis and Analytical Models for High-Level Synthesis Designs on Multi-Die FPGAs', ACM TRETS 2024, DOI 10.1145/3653458. Authors: Linfeng Du, Tingyuan Liang, Xiaofeng Zhou, Jinming Ge, Shangkun Li, Sharad Sinha, Jieru Zhao, Zhiyao Xie, Wei Zhang."
RW0081,CMMFOJ,Correlated Multi-objective Multi-fidelity Optimization for HLS Directives Design,"Sun, Qi; Chen, Tinghuan; Liu, Siting; Chen, Jianli; Yu, Hao; Yu, Bei",2022,ACM TODAES 27(4) Art. 31 (March 2022),10.1145/3503540,https://www.cse.cuhk.edu.hk/~byu/papers/J63-TODAES2022-MultiFidelity.pdf,related_work/papers/core/RW0081_Sun2022_CMMFOJ_TODAES_accepted.pdf,2cc0a2713ce89e19e2735973660bdb54beec47521fe9427f0a38c91df47f896a,DOWNLOADED_OPEN_ACCESS,PDF_AVAILABLE,local_only (gitignored),NOT_CHECKED,VERIFIED_FULL_TEXT_CORRECTED,CORE,"HLS DSE with adaptive evidence selection across fidelities (Vivado hls/syn/impl) under a budget with a multi-objective Pareto target: contribution boundary (b). No multi-kernel or joint co-resident evaluation, so prior art for stage selection but not for local-vs-joint composition. (full-text review)",core,multifidelity;bo_mobo,"Find the Pareto set of HLS directive configurations (power, delay, LUT) using cheaper but less accurate post-HLS and post-synthesis reports relative to post-implementation.","Tree-based pruning of directive spaces; non-linear multi-fidelity GP f_{i+1}(x) = z(f_i(x), x) + f_e(x) (lower-stage outputs appended to next-stage inputs); correlated multi-objective GP (coregionalization, ARD Matern-5/2); DCGP deep-kernel variant (FC 1000-500-50-6). Acquisition (Eqs. 11-12, 15): EIPV_i penalized as PEIPV_i = (T_impl/T_i) EIPV_i; per-stage argmax, then (x*, h) = argmax over stages; the tool runs up to stage h, so one evaluation yields all three objectives at every stage <= h. Invalid designs set to 10x the current worst. Early stop after 5 steps without hypervolume improvement. Final Pareto set from impl-stage samples. No resource-fit constraint.","MachSuite GEMM, SORT_RADIX, SPMV_ELLPACK, SPMV_CRS, STENCIL3D; iSmart2 DNN as a single design; each optimized alone.",Xilinx Virtex-7 VC707.,ADRS against the exhaustively computed true Pareto set (normalized to ANN); ADRS std over 10 runs; overall running time (algorithm + tool hours).,"LITERATURE_REPORTED: Table 1 normalized ADRS (ANN = 1.00): DCGP 0.34, CGP 0.39, FPL18 0.51, BT 0.96, DAC19 1.05; best DCGP 0.11 on SPMV_ELLPACK; DCGP beats CGP by 12.8% average (up to 42.1%). Table 3: MES acquisition 0.45 vs 0.34. Table 2 average overall hours: DCGP 30.08, CGP 33.88, FPL18 47.21, ANN 63.12, BT 63.33, DAC19 440.64. 8 initial + at most 40 steps, 10 runs. Absolute ADRS NOT_REPORTED.","AUTHOR-STATED: very large spaces handled by sampling (untested). REVIEWER: ADRS only normalized to ANN; ADRS distance function unspecified; FPGA time computed as average per-design time x runs, not measured; 10x-worst penalty distorts the GP; no device-fit constraint; each stage's EIPV measures improvement of that stage's own front, and T_impl/T_i favours cheap stages; 8 + 40 evaluations, 10 runs; no code.",S99 S98 S72 S04,PARTIAL OVERLAP,This paper does not report: joint (multi-kernel/component) evaluation; measured interactions; lifecycle/configuration cost; multi-benchmark transfer; CPU-FPGA interaction. Not a novelty claim.,LITERATURE_REPORTED,PEER_REVIEWED,REVIEWED_FULL_TEXT,accepted (author site),https://www.cse.cuhk.edu.hk/~byu/papers/J63-TODAES2022-MultiFidelity.pdf,,PDF full text (2026-09-25) + web identity check,NOT_REPORTED,"Added 2026-09-25 from the web-search literature update (HOLD until full-text review). Identity: VERIFIED_WEB. | 2026-09-25 full-text review: CORE. IDENTITY: TODAES 27(4) Art. 31, March 2022, doi 10.1145/3503540. Authors Qi Sun, Tinghuan Chen, Siting Liu, Jianli Chen, Hao Yu, Bei Yu (Jin Miao, on the DATE 2021 version RW0006, is not listed). Additions over DATE: deep-kernel DCGP, MES ablation, running-time ablation."
RW0082,MFHLS18,Multi-fidelity Optimization for High-Level Synthesis Directives,"Lo, Charles; Chow, Paul",2018,"FPL 2018, pp. 272-279",10.1109/FPL.2018.00054,https://ieeexplore.ieee.org/document/8533508/,,,METADATA_ONLY,LEGITIMATE_OPEN_COPY_NOT_FOUND (web search 2026-09-25; IEEE Xplore only),metadata_only,NOT_CHECKED,VERIFIED_WEB,HOLD,"First multi-fidelity optimization for HLS directives using low-fidelity estimates available in the FPGA CAD flow (baseline ""FPL18"" in RW0006). Abstract-only review (web search).",multifidelity,hls_dse,Automated HLS DSE samples expensive CAD flows.,Multi-fidelity optimization methods incorporating low-fidelity CAD-flow estimates.,NOT_REPORTED in abstract,NOT_REPORTED in abstract,Optimization time,LITERATURE_REPORTED (abstract): multi-fidelity techniques can significantly reduce optimization time vs previous approaches.,NOT_REPORTED (abstract only).,S99 S21,PRIOR ART (candidate),NOT REVIEWED (full text not reviewed); dimensions from abstract: staged evaluation; adaptive evidence acquisition; cost/fidelity modeling,LITERATURE_REPORTED,PEER_REVIEWED,REVIEWED_ABSTRACT_ONLY,,,,"Web search 2026-09-25 (Consensus, Exa, Firecrawl research index, WebSearch); abstract/highlights only",NOT_REPORTED,Added 2026-09-25 from the web-search literature update (HOLD until full-text review). Identity: VERIFIED_WEB.
RW0083,MLDSEReview,A systematic review of machine learning-driven design space exploration in high-level synthesis,"Celik, Esra; Dal, Deniz",2025,"Integration, the VLSI Journal 105:102513",10.1016/j.vlsi.2025.102513,https://doi.org/10.1016/j.vlsi.2025.102513,,,METADATA_ONLY,LEGITIMATE_OPEN_COPY_NOT_FOUND (OpenAlex: closed; Elsevier only),metadata_only,NOT_CHECKED,VERIFIED_WEB,HOLD,Systematic review of 124 ML-driven HLS DSE papers; entry point for the systematic search required by GAP_OVERLAP_MATRIX before any novelty claim. Abstract-only review (web search).,hls_dse,,Organize ML-based DSE methods in HLS.,Systematic literature review (124 papers) with taxonomy.,NOT_APPLICABLE,NOT_APPLICABLE,NOT_APPLICABLE,"LITERATURE_REPORTED (abstract): taxonomy of ML paradigms (SL, DL, RL, TL) for HLS DSE; categories: ML-DSE 26%, prediction models 26%, space pruning 19%, frameworks 16%, accelerator DSE 13%.",NOT_REPORTED (abstract only).,S71 S72,METHOD FOUNDATIONAL (review),NOT REVIEWED (full text not reviewed); dimensions from abstract: none YES,LITERATURE_REPORTED,PEER_REVIEWED,REVIEWED_ABSTRACT_ONLY,,,,"Web search 2026-09-25 (Consensus, Exa, Firecrawl research index, WebSearch); abstract/highlights only",NOT_REPORTED,Added 2026-09-25 from the web-search literature update (HOLD until full-text review). Identity: VERIFIED_WEB.
RW0084,SeedTiming,Pipeline-Stage-Resolved Timing Characterization of FPGA and ASIC Implementations of a RISC-V Processor,"Darvishi, Mostafa",2025,arXiv 2512.13866 (submitted to IEEE TVLSI),,https://arxiv.org/abs/2512.13866,related_work/papers/physical/RW0084_Darvishi2025_SeedTiming_arXiv.pdf,30cb2c4899ea239c210b0b34ed1bccacf96bb489ce8687685c2869edddf3f112,DOWNLOADED_OPEN_ACCESS,PDF_AVAILABLE,local_only (gitignored),NOT_CHECKED,VERIFIED_FULL_TEXT_CORRECTED,SUPPORTING,"A 30-seed place-and-route sweep of one fixed RTL design on an AMD 20 nm UltraScale device, reporting the Fmax range and per-stage slack spread: weak but direct empirical support for the S81 implementation-variability noise floor. Hand-written RTL on a different device family, so only an order-of-magnitude reference for S81/S98. (full-text review)",physical,,"How do timing behaviour and timing variability of the same RV32I five-stage RISC-V core differ between a 20 nm FPGA and a 7 nm FinFET ASIC, per pipeline-stage transition and by logic/routing/clock delay?","One synthesisable Verilog RV32I five-stage core with identical RTL on both platforms. FPGA: timing-driven synthesis, place-and-route with 30 randomised tool seeds under identical constraints, post-route STA; paths decomposed into logic/routing/clocking and binned per pipeline transition. ASIC: commercial 7 nm FinFET flow, MMMC STA with AOCV/LVF.",One design: a generic RV32I five-stage RISC-V core.,AMD XQRKU060 RT Kintex UltraScale (20 nm); unnamed commercial 7 nm FinFET library.,Fmax distribution across seeds; critical-path delay; delay split routing/logic/clock; per-stage slack standard deviation; ASIC frequency per corner.,"LITERATURE_REPORTED: 30 place-and-route seeds. FPGA Fmax 472-510 MHz, mean 493 MHz (Fig. 5, Table 1): ~38 MHz envelope (~7.7% of mean peak-to-peak); no Fmax standard deviation. Critical path 1.96 ns (EX->MEM); routing 62-74% of delay. Per-stage slack std across seeds: IF->ID ~120 ps, ID->EX ~160 ps, EX->MEM ~210 ps, MEM->WB ~130 ps; asymmetric, heavy-tailed. ASIC: 1.85 GHz TT, 1.63 GHz SS; LVF slack std 8-17 ps.","AUTHOR-STATED: only a five-stage in-order core. REVIEWER: single author and single design; tools, versions, clock constraint and seed mechanism unnamed (not reproducible); statistics internally inconsistent (a 210 ps slack std on a ~2 ns path would imply an Fmax spread beyond the reported 38 MHz; Table 1 '±38 MHz' vs text '38 MHz envelope'); histograms only; 20 nm UltraScale, not 28 nm 7-series; not HLS; seed noise on one netlist only.",S81 S98,RELEVANT BUT DIFFERENT,This paper does not report: joint (multi-kernel/component) evaluation; measured interactions; staged evaluation; adaptive evidence acquisition; cost/fidelity modeling; lifecycle/configuration cost; multi-benchmark transfer; energy/power; CPU-FPGA interaction. Not a novelty claim.,LITERATURE_REPORTED,PREPRINT,REVIEWED_FULL_TEXT,arxiv (submitted to IEEE TVLSI),https://arxiv.org/pdf/2512.13866,,PDF full text (2026-09-25) + web identity check,NOT_REPORTED,"Added 2026-09-25 from the web-search literature update (HOLD until full-text review). Identity: PARTIAL (authors not retrieved). | 2026-09-25 full-text review: SUPPORTING. IDENTITY: Sole author Mostafa Darvishi (ETS Montreal / Evolution Optiks R&D). Manuscript 'Submitted To IEEE Transactions on VLSI Systems, TVLSI-01194-2025' (under review); arXiv 2512.13866. FPGA device AMD XQRKU060 (20 nm)."
RW0085,ASPO,ASPO: Constraint-Aware Bayesian Optimization for FPGA-based Soft Processors,"Wu, Haoran; Guo, Ce; Luk, Wayne; Mullins, Robert",2025,arXiv 2506.06817,,https://arxiv.org/abs/2506.06817,related_work/papers/bo_mobo/RW0085_Wu2025_ASPO_arXiv.pdf,581779260504346b983bda44c0d89dd30c49c5f881f9948ce4976c9d33082cce,DOWNLOADED_OPEN_ACCESS,PDF_AVAILABLE,local_only (gitignored),NOT_CHECKED,VERIFIED_FULL_TEXT_CORRECTED,SUPPORTING,"Constrained Bayesian optimisation for FPGA soft-processor parameters that puts evaluation cost into the acquisition (EI divided by a checkpoint-distance cost proxy) and reuses Vivado incremental-synthesis checkpoints: methodological precedent for cost-aware acquisition in S99 and history-dependent evaluation cost in S85/S86. Not CORE: soft-processor microarchitecture, single fidelity, no local-vs-joint evidence choice. (full-text review)",bo_mobo,lifecycle_dfx,"Soft-processor tuning has categorical parameters, Boolean inter-parameter constraints and slow synthesis-based evaluation; standard BO proposes invalid designs and wastes synthesis time.","One-hot categorical encoding with a customised GP kernel (argmax mapping, as RCBO); constraints as smooth functions (linear, interval conditionals via min/max, divisibility via -sin^2); synthesis-checkpoint database with a weighted-Euclidean matcher (weights fitted to minimise incremental-synthesis time); orthogonal-array warm start; acquisition alpha(x,t) = EI(x) / (lambda(t) * c_hat(x)) with c_hat = min weighted distance to the checkpoint database and lambda(t) = lambda0*exp(-k t).","RocketChip, BOOM, EL2 VeeR x 7 RISC-V workloads (coremark, dhrystone, rsort, qsort, multiply, spmv, mm) = 21 tasks.","Zynq UltraScale+ XCZU3CG (EL2 VeeR), XCZU6CG (BOOM); RocketChip target NOT_REPORTED; synthesis only at 50 MHz; no on-board runs.","Evaluation time per configuration; Total Design Time (TDT, capped at 35 h); Invalid Design Rate; Estimated Execution Time (cycles / Fmax from synthesis slack).","LITERATURE_REPORTED: Table V mean evaluation time direct vs fixed-checkpoint vs ASPO: EL2 VeeR 11.4 / 10.4 / 9.1 min (20.2% saving); RocketChip 45.4 / 37.7 / 33.1 min (27.1%); BOOM 81.2 / 65.2 / 54.1 min (33.4%). Table VI: BOOM spmv TDT 9.12 h vs RCBO 27.96 h, BOOM-Explorer 35.00 h (cap), VBO 28.15 h. Table VII: best EET on 17 of 21 tasks; BOOM multiply 0.70 vs 1.07 ms default (-34.6%).","AUTHOR-STATED: single objective; PPA multi-objective future work. REVIEWER: as written, Eq. 9's lambda(t) is identical for all candidates at iteration t, so the cooling does not change the argmax; the cost proxy is never validated against measured synthesis time; Table V uses 10 configurations with a pre-populated database (inflates savings); Fmax from synthesis-only slack (no P&R, no seed noise); single trajectories, no confidence intervals; RocketChip 'mm' row in Table VI duplicates BOOM 'mm' baseline values; abstract credits 74% to 'Boomerang' while experiments compare BOOM-Explorer; TDT cap truncates baselines.",S99 S85 S86 S72,METHOD FOUNDATIONAL,This paper does not report: joint (multi-kernel/component) evaluation; measured interactions; staged evaluation; decision/Pareto stability; CPU-FPGA interaction. Not a novelty claim.,LITERATURE_REPORTED,PREPRINT,REVIEWED_FULL_TEXT,arxiv v1 (blind-review preprint),https://arxiv.org/pdf/2506.06817,,PDF full text (2026-09-25) + web identity check,NOT_REPORTED (web address removed for blind review),"Added 2026-09-25 from the web-search literature update (HOLD until full-text review). Identity: PARTIAL (authors not retrieved). | 2026-09-25 full-text review: SUPPORTING. IDENTITY: Authors: Haoran Wu, Ce Guo, Wayne Luk, Robert Mullins (Cambridge / Imperial College London). arXiv 2506.06817v1 (7 Jun 2025), blind-review preprint, no venue. The 74% saving is vs BOOM-Explorer (Table VI), not Boomerang as the abstract states."
